[INFO] Scanning for projects...
[INFO] 
[INFO] -------------------< com.lifeline:lifeline-backend >--------------------
[INFO] Building lifeline-backend 0.0.1-SNAPSHOT
[INFO]   from pom.xml
[INFO] --------------------------------[ jar ]---------------------------------
[INFO] 
[INFO] >>> spring-boot:3.2.2:run (default-cli) > test-compile @ lifeline-backend >>>
[INFO] 
[INFO] --- resources:3.3.1:resources (default-resources) @ lifeline-backend ---
[INFO] Copying 1 resource from src\main\resources to target\classes
[INFO] Copying 0 resource from src\main\resources to target\classes
[INFO] 
[INFO] --- compiler:3.11.0:compile (default-compile) @ lifeline-backend ---
[INFO] Nothing to compile - all classes are up to date
[INFO] 
[INFO] --- resources:3.3.1:testResources (default-testResources) @ lifeline-backend ---
[INFO] skip non existing resourceDirectory C:\Users\Yenula\Downloads\Project.Life.final.v5.2.2 (1)\Project.Life.final.v5.2\Project.Life.final.v5\Project.Life. final\Project.Life.2.2v.i\Project Life 2.0v i\LifeLine_Project\lifeline-backend\src\test\resources
[INFO] 
[INFO] --- compiler:3.11.0:testCompile (default-testCompile) @ lifeline-backend ---
[INFO] No sources to compile
[INFO] 
[INFO] <<< spring-boot:3.2.2:run (default-cli) < test-compile @ lifeline-backend <<<
[INFO] 
[INFO] 
[INFO] --- spring-boot:3.2.2:run (default-cli) @ lifeline-backend ---
[INFO] Attaching agents: []

  .   ____          _            __ _ _
 /\\ / ___'_ __ _ _(_)_ __  __ _ \ \ \ \
( ( )\___ | '_ | '_| | '_ \/ _` | \ \ \ \
 \\/  ___)| |_)| | | | | || (_| |  ) ) ) )
  '  |____| .__|_| |_|_| |_\__, | / / / /
 =========|_|==============|___/=/_/_/_/
 :: Spring Boot ::                (v3.2.2)

2026-04-28T13:56:06.023+05:30  INFO 6992 --- [lifeline-backend] [           main] com.lifeline.LifeLineApplication         : Starting LifeLineApplication using Java 21.0.10 with PID 6992 (C:\Users\Yenula\Downloads\Project.Life.final.v5.2.2 (1)\Project.Life.final.v5.2\Project.Life.final.v5\Project.Life. final\Project.Life.2.2v.i\Project Life 2.0v i\LifeLine_Project\lifeline-backend\target\classes started by Yenula in C:\Users\Yenula\Downloads\Project.Life.final.v5.2.2 (1)\Project.Life.final.v5.2\Project.Life.final.v5\Project.Life. final\Project.Life.2.2v.i\Project Life 2.0v i\LifeLine_Project\lifeline-backend)
2026-04-28T13:56:06.026+05:30  INFO 6992 --- [lifeline-backend] [           main] com.lifeline.LifeLineApplication         : No active profile set, falling back to 1 default profile: "default"
2026-04-28T13:56:06.027+05:30 DEBUG 6992 --- [lifeline-backend] [           main] o.s.boot.SpringApplication               : Loading source class com.lifeline.LifeLineApplication
2026-04-28T13:56:06.138+05:30 DEBUG 6992 --- [lifeline-backend] [           main] ConfigServletWebServerApplicationContext : Refreshing org.springframework.boot.web.servlet.context.AnnotationConfigServletWebServerApplicationContext@6933b6c6
2026-04-28T13:56:07.215+05:30  INFO 6992 --- [lifeline-backend] [           main] .s.d.r.c.RepositoryConfigurationDelegate : Bootstrapping Spring Data JPA repositories in DEFAULT mode.
2026-04-28T13:56:07.246+05:30 DEBUG 6992 --- [lifeline-backend] [           main] o.s.b.a.AutoConfigurationPackages        : @EnableAutoConfiguration was declared on a class in the package 'com.lifeline'. Automatic @Repository and @Entity scanning is enabled.
2026-04-28T13:56:07.388+05:30  INFO 6992 --- [lifeline-backend] [           main] .s.d.r.c.RepositoryConfigurationDelegate : Finished Spring Data repository scanning in 156 ms. Found 11 JPA repository interfaces.
2026-04-28T13:56:08.160+05:30 DEBUG 6992 --- [lifeline-backend] [           main] .s.b.w.e.t.TomcatServletWebServerFactory : Code archive: C:\Users\Yenula\.m2\repository\org\springframework\boot\spring-boot\3.2.2\spring-boot-3.2.2.jar
2026-04-28T13:56:08.161+05:30 DEBUG 6992 --- [lifeline-backend] [           main] .s.b.w.e.t.TomcatServletWebServerFactory : Code archive: C:\Users\Yenula\.m2\repository\org\springframework\boot\spring-boot\3.2.2\spring-boot-3.2.2.jar
2026-04-28T13:56:08.163+05:30 DEBUG 6992 --- [lifeline-backend] [           main] .s.b.w.e.t.TomcatServletWebServerFactory : None of the document roots [src/main/webapp, public, static] point to a directory and will be ignored.
2026-04-28T13:56:08.196+05:30  INFO 6992 --- [lifeline-backend] [           main] o.s.b.w.embedded.tomcat.TomcatWebServer  : Tomcat initialized with port 8080 (http)
2026-04-28T13:56:08.216+05:30  INFO 6992 --- [lifeline-backend] [           main] o.apache.catalina.core.StandardService   : Starting service [Tomcat]
2026-04-28T13:56:08.217+05:30  INFO 6992 --- [lifeline-backend] [           main] o.apache.catalina.core.StandardEngine    : Starting Servlet engine: [Apache Tomcat/10.1.18]
2026-04-28T13:56:08.305+05:30  INFO 6992 --- [lifeline-backend] [           main] o.a.c.c.C.[Tomcat].[localhost].[/]       : Initializing Spring embedded WebApplicationContext
2026-04-28T13:56:08.306+05:30 DEBUG 6992 --- [lifeline-backend] [           main] w.s.c.ServletWebServerApplicationContext : Published root WebApplicationContext as ServletContext attribute with name [org.springframework.web.context.WebApplicationContext.ROOT]
2026-04-28T13:56:08.308+05:30  INFO 6992 --- [lifeline-backend] [           main] w.s.c.ServletWebServerApplicationContext : Root WebApplicationContext: initialization completed in 2169 ms
2026-04-28T13:56:08.323+05:30 DEBUG 6992 --- [lifeline-backend] [           main] o.s.b.w.s.ServletContextInitializerBeans : Mapping filters: characterEncodingFilter urls=[/*] order=-2147483648, formContentFilter urls=[/*] order=-9900, requestContextFilter urls=[/*] order=-105
2026-04-28T13:56:08.324+05:30 DEBUG 6992 --- [lifeline-backend] [           main] o.s.b.w.s.ServletContextInitializerBeans : Mapping servlets: dispatcherServlet urls=[/]
2026-04-28T13:56:08.358+05:30 DEBUG 6992 --- [lifeline-backend] [           main] o.s.b.w.s.f.OrderedRequestContextFilter  : Filter 'requestContextFilter' configured for use
2026-04-28T13:56:08.361+05:30 DEBUG 6992 --- [lifeline-backend] [           main] s.b.w.s.f.OrderedCharacterEncodingFilter : Filter 'characterEncodingFilter' configured for use
2026-04-28T13:56:08.361+05:30 DEBUG 6992 --- [lifeline-backend] [           main] o.s.b.w.s.f.OrderedFormContentFilter     : Filter 'formContentFilter' configured for use
2026-04-28T13:56:08.515+05:30  INFO 6992 --- [lifeline-backend] [           main] o.hibernate.jpa.internal.util.LogHelper  : HHH000204: Processing PersistenceUnitInfo [name: default]
2026-04-28T13:56:08.607+05:30  INFO 6992 --- [lifeline-backend] [           main] org.hibernate.Version                    : HHH000412: Hibernate ORM core version 6.4.1.Final
2026-04-28T13:56:08.652+05:30  INFO 6992 --- [lifeline-backend] [           main] o.h.c.internal.RegionFactoryInitiator    : HHH000026: Second-level cache disabled
2026-04-28T13:56:08.978+05:30  INFO 6992 --- [lifeline-backend] [           main] o.s.o.j.p.SpringPersistenceUnitInfo      : No LoadTimeWeaver setup: ignoring JPA class transformer
2026-04-28T13:56:09.015+05:30  INFO 6992 --- [lifeline-backend] [           main] com.zaxxer.hikari.HikariDataSource       : HikariPool-1 - Starting...
2026-04-28T13:56:09.513+05:30  INFO 6992 --- [lifeline-backend] [           main] com.zaxxer.hikari.pool.HikariPool        : HikariPool-1 - Added connection com.mysql.cj.jdbc.ConnectionImpl@1657b017
2026-04-28T13:56:09.515+05:30  INFO 6992 --- [lifeline-backend] [           main] com.zaxxer.hikari.HikariDataSource       : HikariPool-1 - Start completed.
2026-04-28T13:56:09.568+05:30  WARN 6992 --- [lifeline-backend] [           main] org.hibernate.orm.deprecation            : HHH90000025: MySQL8Dialect does not need to be specified explicitly using 'hibernate.dialect' (remove the property setting and it will be selected by default)
2026-04-28T13:56:09.569+05:30  WARN 6992 --- [lifeline-backend] [           main] org.hibernate.orm.deprecation            : HHH90000026: MySQL8Dialect has been deprecated; use org.hibernate.dialect.MySQLDialect instead
2026-04-28T13:56:11.040+05:30  INFO 6992 --- [lifeline-backend] [           main] o.h.e.t.j.p.i.JtaPlatformInitiator       : HHH000489: No JTA platform available (set 'hibernate.transaction.jta.platform' to enable JTA platform integration)
2026-04-28T13:56:11.172+05:30  INFO 6992 --- [lifeline-backend] [           main] j.LocalContainerEntityManagerFactoryBean : Initialized JPA EntityManagerFactory for persistence unit 'default'
2026-04-28T13:56:11.617+05:30  INFO 6992 --- [lifeline-backend] [           main] o.s.d.j.r.query.QueryEnhancerFactory     : Hibernate is in classpath; If applicable, HQL parser will be used.
2026-04-28T13:56:12.421+05:30  WARN 6992 --- [lifeline-backend] [           main] JpaBaseConfiguration$JpaWebConfiguration : spring.jpa.open-in-view is enabled by default. Therefore, database queries may be performed during view rendering. Explicitly configure spring.jpa.open-in-view to disable this warning
2026-04-28T13:56:12.563+05:30 DEBUG 6992 --- [lifeline-backend] [           main] s.w.s.m.m.a.RequestMappingHandlerMapping : 39 mappings in 'requestMappingHandlerMapping'
2026-04-28T13:56:12.582+05:30 DEBUG 6992 --- [lifeline-backend] [           main] o.s.w.s.handler.SimpleUrlHandlerMapping  : Patterns [/webjars/**, /**] in 'resourceHandlerMapping'
2026-04-28T13:56:12.611+05:30 DEBUG 6992 --- [lifeline-backend] [           main] s.w.s.m.m.a.RequestMappingHandlerAdapter : ControllerAdvice beans: 0 @ModelAttribute, 0 @InitBinder, 1 RequestBodyAdvice, 1 ResponseBodyAdvice
2026-04-28T13:56:12.640+05:30 DEBUG 6992 --- [lifeline-backend] [           main] .m.m.a.ExceptionHandlerExceptionResolver : ControllerAdvice beans: 0 @ExceptionHandler, 1 ResponseBodyAdvice
2026-04-28T13:56:12.730+05:30  INFO 6992 --- [lifeline-backend] [           main] o.s.b.w.embedded.tomcat.TomcatWebServer  : Tomcat started on port 8080 (http) with context path ''
2026-04-28T13:56:12.739+05:30 DEBUG 6992 --- [lifeline-backend] [           main] .s.b.a.l.ConditionEvaluationReportLogger : 


============================
CONDITIONS EVALUATION REPORT
============================


Positive matches:
-----------------

   AopAutoConfiguration matched:
      - @ConditionalOnProperty (spring.aop.auto=true) matched (OnPropertyCondition)

   AopAutoConfiguration.AspectJAutoProxyingConfiguration matched:
      - @ConditionalOnClass found required class 'org.aspectj.weaver.Advice' (OnClassCondition)

   AopAutoConfiguration.AspectJAutoProxyingConfiguration.CglibAutoProxyConfiguration matched:
      - @ConditionalOnProperty (spring.aop.proxy-target-class=true) matched (OnPropertyCondition)

   ApplicationAvailabilityAutoConfiguration#applicationAvailability matched:
      - @ConditionalOnMissingBean (types: org.springframework.boot.availability.ApplicationAvailability; SearchStrategy: all) did not find any beans (OnBeanCondition)

   DataSourceAutoConfiguration matched:
      - @ConditionalOnClass found required classes 'javax.sql.DataSource', 'org.springframework.jdbc.datasource.embedded.EmbeddedDatabaseType' (OnClassCondition)
      - @ConditionalOnMissingBean (types: io.r2dbc.spi.ConnectionFactory; SearchStrategy: all) did not find any beans (OnBeanCondition)

   DataSourceAutoConfiguration.PooledDataSourceConfiguration matched:
      - AnyNestedCondition 1 matched 1 did not; NestedCondition on DataSourceAutoConfiguration.PooledDataSourceCondition.PooledDataSourceAvailable PooledDataSource found supported DataSource; NestedCondition on DataSourceAutoConfiguration.PooledDataSourceCondition.ExplicitType @ConditionalOnProperty (spring.datasource.type) did not find property 'type' (DataSourceAutoConfiguration.PooledDataSourceCondition)
      - @ConditionalOnMissingBean (types: javax.sql.DataSource,javax.sql.XADataSource; SearchStrategy: all) did not find any beans (OnBeanCondition)

   DataSourceAutoConfiguration.PooledDataSourceConfiguration#jdbcConnectionDetails matched:
      - @ConditionalOnMissingBean (types: org.springframework.boot.autoconfigure.jdbc.JdbcConnectionDetails; SearchStrategy: all) did not find any beans (OnBeanCondition)

   DataSourceConfiguration.Hikari matched:
      - @ConditionalOnClass found required class 'com.zaxxer.hikari.HikariDataSource' (OnClassCondition)
      - @ConditionalOnProperty (spring.datasource.type=com.zaxxer.hikari.HikariDataSource) matched (OnPropertyCondition)
      - @ConditionalOnMissingBean (types: javax.sql.DataSource; SearchStrategy: all) did not find any beans (OnBeanCondition)

   DataSourceInitializationConfiguration matched:
      - @ConditionalOnClass found required class 'org.springframework.jdbc.datasource.init.DatabasePopulator' (OnClassCondition)
      - @ConditionalOnSingleCandidate (types: javax.sql.DataSource; SearchStrategy: all) found a single bean 'dataSource'; @ConditionalOnMissingBean (types: org.springframework.boot.autoconfigure.sql.init.SqlDataSourceScriptDatabaseInitializer,org.springframework.boot.autoconfigure.sql.init.SqlR2dbcScriptDatabaseInitializer; SearchStrategy: all) did not find any beans (OnBeanCondition)

   DataSourceJmxConfiguration matched:
      - @ConditionalOnProperty (spring.jmx.enabled=true) matched (OnPropertyCondition)

   DataSourceJmxConfiguration.Hikari matched:
      - @ConditionalOnClass found required class 'com.zaxxer.hikari.HikariDataSource' (OnClassCondition)
      - @ConditionalOnSingleCandidate (types: javax.sql.DataSource; SearchStrategy: all) found a single bean 'dataSource' (OnBeanCondition)

   DataSourcePoolMetadataProvidersConfiguration.HikariPoolDataSourceMetadataProviderConfiguration matched:
      - @ConditionalOnClass found required class 'com.zaxxer.hikari.HikariDataSource' (OnClassCondition)

   DataSourceTransactionManagerAutoConfiguration matched:
      - @ConditionalOnClass found required classes 'org.springframework.jdbc.core.JdbcTemplate', 'org.springframework.transaction.TransactionManager' (OnClassCondition)

   DataSourceTransactionManagerAutoConfiguration.JdbcTransactionManagerConfiguration matched:
      - @ConditionalOnSingleCandidate (types: javax.sql.DataSource; SearchStrategy: all) found a single bean 'dataSource' (OnBeanCondition)

   DispatcherServletAutoConfiguration matched:
      - @ConditionalOnClass found required class 'org.springframework.web.servlet.DispatcherServlet' (OnClassCondition)
      - found 'session' scope (OnWebApplicationCondition)

   DispatcherServletAutoConfiguration.DispatcherServletConfiguration matched:
      - @ConditionalOnClass found required class 'jakarta.servlet.ServletRegistration' (OnClassCondition)
      - Default DispatcherServlet did not find dispatcher servlet beans (DispatcherServletAutoConfiguration.DefaultDispatcherServletCondition)

   DispatcherServletAutoConfiguration.DispatcherServletRegistrationConfiguration matched:
      - @ConditionalOnClass found required class 'jakarta.servlet.ServletRegistration' (OnClassCondition)
      - DispatcherServlet Registration did not find servlet registration bean (DispatcherServletAutoConfiguration.DispatcherServletRegistrationCondition)

   DispatcherServletAutoConfiguration.DispatcherServletRegistrationConfiguration#dispatcherServletRegistration matched:
      - @ConditionalOnBean (names: dispatcherServlet types: org.springframework.web.servlet.DispatcherServlet; SearchStrategy: all) found bean 'dispatcherServlet' (OnBeanCondition)

   EmbeddedWebServerFactoryCustomizerAutoConfiguration matched:
      - @ConditionalOnWebApplication (required) found 'session' scope (OnWebApplicationCondition)
      - @ConditionalOnWarDeployment the application is not deployed as a WAR file. (OnWarDeploymentCondition)

   EmbeddedWebServerFactoryCustomizerAutoConfiguration.TomcatWebServerFactoryCustomizerConfiguration matched:
      - @ConditionalOnClass found required classes 'org.apache.catalina.startup.Tomcat', 'org.apache.coyote.UpgradeProtocol' (OnClassCondition)

   ErrorMvcAutoConfiguration matched:
      - @ConditionalOnClass found required classes 'jakarta.servlet.Servlet', 'org.springframework.web.servlet.DispatcherServlet' (OnClassCondition)
      - found 'session' scope (OnWebApplicationCondition)

   ErrorMvcAutoConfiguration#basicErrorController matched:
      - @ConditionalOnMissingBean (types: org.springframework.boot.web.servlet.error.ErrorController; SearchStrategy: current) did not find any beans (OnBeanCondition)

   ErrorMvcAutoConfiguration#errorAttributes matched:
      - @ConditionalOnMissingBean (types: org.springframework.boot.web.servlet.error.ErrorAttributes; SearchStrategy: current) did not find any beans (OnBeanCondition)

   ErrorMvcAutoConfiguration.DefaultErrorViewResolverConfiguration#conventionErrorViewResolver matched:
      - @ConditionalOnBean (types: org.springframework.web.servlet.DispatcherServlet; SearchStrategy: all) found bean 'dispatcherServlet'; @ConditionalOnMissingBean (types: org.springframework.boot.autoconfigure.web.servlet.error.ErrorViewResolver; SearchStrategy: all) did not find any beans (OnBeanCondition)

   ErrorMvcAutoConfiguration.WhitelabelErrorViewConfiguration matched:
      - @ConditionalOnProperty (server.error.whitelabel.enabled) matched (OnPropertyCondition)
      - ErrorTemplate Missing did not find error template view (ErrorMvcAutoConfiguration.ErrorTemplateMissingCondition)

   ErrorMvcAutoConfiguration.WhitelabelErrorViewConfiguration#beanNameViewResolver matched:
      - @ConditionalOnMissingBean (types: org.springframework.web.servlet.view.BeanNameViewResolver; SearchStrategy: all) did not find any beans (OnBeanCondition)

   ErrorMvcAutoConfiguration.WhitelabelErrorViewConfiguration#defaultErrorView matched:
      - @ConditionalOnMissingBean (names: error; SearchStrategy: all) did not find any beans (OnBeanCondition)

   GenericCacheConfiguration matched:
      - Cache org.springframework.boot.autoconfigure.cache.GenericCacheConfiguration automatic cache type (CacheCondition)

   HibernateJpaAutoConfiguration matched:
      - @ConditionalOnClass found required classes 'org.springframework.orm.jpa.LocalContainerEntityManagerFactoryBean', 'jakarta.persistence.EntityManager', 'org.hibernate.engine.spi.SessionImplementor' (OnClassCondition)

   HibernateJpaConfiguration matched:
      - @ConditionalOnSingleCandidate (types: javax.sql.DataSource; SearchStrategy: all) found a single bean 'dataSource' (OnBeanCondition)

   HttpEncodingAutoConfiguration matched:
      - @ConditionalOnClass found required class 'org.springframework.web.filter.CharacterEncodingFilter' (OnClassCondition)
      - found 'session' scope (OnWebApplicationCondition)
      - @ConditionalOnProperty (server.servlet.encoding.enabled) matched (OnPropertyCondition)

   HttpEncodingAutoConfiguration#characterEncodingFilter matched:
      - @ConditionalOnMissingBean (types: org.springframework.web.filter.CharacterEncodingFilter; SearchStrategy: all) did not find any beans (OnBeanCondition)

   HttpMessageConvertersAutoConfiguration matched:
      - @ConditionalOnClass found required class 'org.springframework.http.converter.HttpMessageConverter' (OnClassCondition)
      - NoneNestedConditions 0 matched 1 did not; NestedCondition on HttpMessageConvertersAutoConfiguration.NotReactiveWebApplicationCondition.ReactiveWebApplication did not find reactive web application classes (HttpMessageConvertersAutoConfiguration.NotReactiveWebApplicationCondition)

   HttpMessageConvertersAutoConfiguration#messageConverters matched:
      - @ConditionalOnMissingBean (types: org.springframework.boot.autoconfigure.http.HttpMessageConverters; SearchStrategy: all) did not find any beans (OnBeanCondition)

   HttpMessageConvertersAutoConfiguration.StringHttpMessageConverterConfiguration matched:
      - @ConditionalOnClass found required class 'org.springframework.http.converter.StringHttpMessageConverter' (OnClassCondition)

   HttpMessageConvertersAutoConfiguration.StringHttpMessageConverterConfiguration#stringHttpMessageConverter matched:
      - @ConditionalOnMissingBean (types: org.springframework.http.converter.StringHttpMessageConverter; SearchStrategy: all) did not find any beans (OnBeanCondition)

   JacksonAutoConfiguration matched:
      - @ConditionalOnClass found required class 'com.fasterxml.jackson.databind.ObjectMapper' (OnClassCondition)

   JacksonAutoConfiguration.Jackson2ObjectMapperBuilderCustomizerConfiguration matched:
      - @ConditionalOnClass found required class 'org.springframework.http.converter.json.Jackson2ObjectMapperBuilder' (OnClassCondition)

   JacksonAutoConfiguration.JacksonObjectMapperBuilderConfiguration matched:
      - @ConditionalOnClass found required class 'org.springframework.http.converter.json.Jackson2ObjectMapperBuilder' (OnClassCondition)

   JacksonAutoConfiguration.JacksonObjectMapperBuilderConfiguration#jacksonObjectMapperBuilder matched:
      - @ConditionalOnMissingBean (types: org.springframework.http.converter.json.Jackson2ObjectMapperBuilder; SearchStrategy: all) did not find any beans (OnBeanCondition)

   JacksonAutoConfiguration.JacksonObjectMapperConfiguration matched:
      - @ConditionalOnClass found required class 'org.springframework.http.converter.json.Jackson2ObjectMapperBuilder' (OnClassCondition)

   JacksonAutoConfiguration.JacksonObjectMapperConfiguration#jacksonObjectMapper matched:
      - @ConditionalOnMissingBean (types: com.fasterxml.jackson.databind.ObjectMapper; SearchStrategy: all) did not find any beans (OnBeanCondition)

   JacksonAutoConfiguration.ParameterNamesModuleConfiguration matched:
      - @ConditionalOnClass found required class 'com.fasterxml.jackson.module.paramnames.ParameterNamesModule' (OnClassCondition)

   JacksonAutoConfiguration.ParameterNamesModuleConfiguration#parameterNamesModule matched:
      - @ConditionalOnMissingBean (types: com.fasterxml.jackson.module.paramnames.ParameterNamesModule; SearchStrategy: all) did not find any beans (OnBeanCondition)

   JacksonHttpMessageConvertersConfiguration.MappingJackson2HttpMessageConverterConfiguration matched:
      - @ConditionalOnClass found required class 'com.fasterxml.jackson.databind.ObjectMapper' (OnClassCondition)
      - @ConditionalOnProperty (spring.mvc.converters.preferred-json-mapper=jackson) matched (OnPropertyCondition)
      - @ConditionalOnBean (types: com.fasterxml.jackson.databind.ObjectMapper; SearchStrategy: all) found bean 'jacksonObjectMapper' (OnBeanCondition)

   JacksonHttpMessageConvertersConfiguration.MappingJackson2HttpMessageConverterConfiguration#mappingJackson2HttpMessageConverter matched:
      - @ConditionalOnMissingBean (types: org.springframework.http.converter.json.MappingJackson2HttpMessageConverter ignored: org.springframework.hateoas.server.mvc.TypeConstrainedMappingJackson2HttpMessageConverter,org.springframework.data.rest.webmvc.alps.AlpsJsonHttpMessageConverter; SearchStrategy: all) did not find any beans (OnBeanCondition)

   JdbcClientAutoConfiguration matched:
      - @ConditionalOnSingleCandidate (types: org.springframework.jdbc.core.namedparam.NamedParameterJdbcTemplate; SearchStrategy: all) found a single bean 'namedParameterJdbcTemplate'; @ConditionalOnMissingBean (types: org.springframework.jdbc.core.simple.JdbcClient; SearchStrategy: all) did not find any beans (OnBeanCondition)

   JdbcTemplateAutoConfiguration matched:
      - @ConditionalOnClass found required classes 'javax.sql.DataSource', 'org.springframework.jdbc.core.JdbcTemplate' (OnClassCondition)
      - @ConditionalOnSingleCandidate (types: javax.sql.DataSource; SearchStrategy: all) found a single bean 'dataSource' (OnBeanCondition)

   JdbcTemplateConfiguration matched:
      - @ConditionalOnMissingBean (types: org.springframework.jdbc.core.JdbcOperations; SearchStrategy: all) did not find any beans (OnBeanCondition)

   JpaBaseConfiguration#entityManagerFactory matched:
      - @ConditionalOnMissingBean (types: org.springframework.orm.jpa.LocalContainerEntityManagerFactoryBean,jakarta.persistence.EntityManagerFactory; SearchStrategy: all) did not find any beans (OnBeanCondition)

   JpaBaseConfiguration#entityManagerFactoryBuilder matched:
      - @ConditionalOnMissingBean (types: org.springframework.boot.orm.jpa.EntityManagerFactoryBuilder; SearchStrategy: all) did not find any beans (OnBeanCondition)

   JpaBaseConfiguration#jpaVendorAdapter matched:
      - @ConditionalOnMissingBean (types: org.springframework.orm.jpa.JpaVendorAdapter; SearchStrategy: all) did not find any beans (OnBeanCondition)

   JpaBaseConfiguration#transactionManager matched:
      - @ConditionalOnMissingBean (types: org.springframework.transaction.TransactionManager; SearchStrategy: all) did not find any beans (OnBeanCondition)

   JpaBaseConfiguration.JpaWebConfiguration matched:
      - @ConditionalOnClass found required class 'org.springframework.web.servlet.config.annotation.WebMvcConfigurer' (OnClassCondition)
      - found 'session' scope (OnWebApplicationCondition)
      - @ConditionalOnProperty (spring.jpa.open-in-view=true) matched (OnPropertyCondition)
      - @ConditionalOnMissingBean (types: org.springframework.orm.jpa.support.OpenEntityManagerInViewInterceptor,org.springframework.orm.jpa.support.OpenEntityManagerInViewFilter; SearchStrategy: all) did not find any beans (OnBeanCondition)

   JpaBaseConfiguration.PersistenceManagedTypesConfiguration matched:
      - @ConditionalOnMissingBean (types: org.springframework.orm.jpa.LocalContainerEntityManagerFactoryBean,jakarta.persistence.EntityManagerFactory; SearchStrategy: all) did not find any beans (OnBeanCondition)

   JpaBaseConfiguration.PersistenceManagedTypesConfiguration#persistenceManagedTypes matched:
      - @ConditionalOnMissingBean (types: org.springframework.orm.jpa.persistenceunit.PersistenceManagedTypes; SearchStrategy: all) did not find any beans (OnBeanCondition)

   JpaRepositoriesAutoConfiguration matched:
      - @ConditionalOnClass found required class 'org.springframework.data.jpa.repository.JpaRepository' (OnClassCondition)
      - @ConditionalOnProperty (spring.data.jpa.repositories.enabled=true) matched (OnPropertyCondition)
      - @ConditionalOnBean (types: javax.sql.DataSource; SearchStrategy: all) found bean 'dataSource'; @ConditionalOnMissingBean (types: org.springframework.data.jpa.repository.support.JpaRepositoryFactoryBean,org.springframework.data.jpa.repository.config.JpaRepositoryConfigExtension; SearchStrategy: all) did not find any beans (OnBeanCondition)

   JtaAutoConfiguration matched:
      - @ConditionalOnClass found required class 'jakarta.transaction.Transaction' (OnClassCondition)
      - @ConditionalOnProperty (spring.jta.enabled) matched (OnPropertyCondition)

   LifecycleAutoConfiguration#defaultLifecycleProcessor matched:
      - @ConditionalOnMissingBean (names: lifecycleProcessor; SearchStrategy: current) did not find any beans (OnBeanCondition)

   MultipartAutoConfiguration matched:
      - @ConditionalOnClass found required classes 'jakarta.servlet.Servlet', 'org.springframework.web.multipart.support.StandardServletMultipartResolver', 'jakarta.servlet.MultipartConfigElement' (OnClassCondition)
      - found 'session' scope (OnWebApplicationCondition)
      - @ConditionalOnProperty (spring.servlet.multipart.enabled) matched (OnPropertyCondition)

   MultipartAutoConfiguration#multipartConfigElement matched:
      - @ConditionalOnMissingBean (types: jakarta.servlet.MultipartConfigElement; SearchStrategy: all) did not find any beans (OnBeanCondition)

   MultipartAutoConfiguration#multipartResolver matched:
      - @ConditionalOnMissingBean (types: org.springframework.web.multipart.MultipartResolver; SearchStrategy: all) did not find any beans (OnBeanCondition)

   NamedParameterJdbcTemplateConfiguration matched:
      - @ConditionalOnSingleCandidate (types: org.springframework.jdbc.core.JdbcTemplate; SearchStrategy: all) found a single bean 'jdbcTemplate'; @ConditionalOnMissingBean (types: org.springframework.jdbc.core.namedparam.NamedParameterJdbcOperations; SearchStrategy: all) did not find any beans (OnBeanCondition)

   NoOpCacheConfiguration matched:
      - Cache org.springframework.boot.autoconfigure.cache.NoOpCacheConfiguration automatic cache type (CacheCondition)

   PersistenceExceptionTranslationAutoConfiguration matched:
      - @ConditionalOnClass found required class 'org.springframework.dao.annotation.PersistenceExceptionTranslationPostProcessor' (OnClassCondition)

   PersistenceExceptionTranslationAutoConfiguration#persistenceExceptionTranslationPostProcessor matched:
      - @ConditionalOnProperty (spring.dao.exceptiontranslation.enabled) matched (OnPropertyCondition)
      - @ConditionalOnMissingBean (types: org.springframework.dao.annotation.PersistenceExceptionTranslationPostProcessor; SearchStrategy: all) did not find any beans (OnBeanCondition)

   PropertyPlaceholderAutoConfiguration#propertySourcesPlaceholderConfigurer matched:
      - @ConditionalOnMissingBean (types: org.springframework.context.support.PropertySourcesPlaceholderConfigurer; SearchStrategy: current) did not find any beans (OnBeanCondition)

   RestClientAutoConfiguration matched:
      - @ConditionalOnClass found required class 'org.springframework.web.client.RestClient' (OnClassCondition)
      - NoneNestedConditions 0 matched 1 did not; NestedCondition on NotReactiveWebApplicationCondition.ReactiveWebApplication did not find reactive web application classes (NotReactiveWebApplicationCondition)

   RestClientAutoConfiguration#httpMessageConvertersRestClientCustomizer matched:
      - @ConditionalOnMissingBean (types: org.springframework.boot.autoconfigure.web.client.HttpMessageConvertersRestClientCustomizer; SearchStrategy: all) did not find any beans (OnBeanCondition)

   RestClientAutoConfiguration#restClientBuilder matched:
      - @ConditionalOnMissingBean (types: org.springframework.web.client.RestClient$Builder; SearchStrategy: all) did not find any beans (OnBeanCondition)

   RestClientAutoConfiguration#restClientBuilderConfigurer matched:
      - @ConditionalOnMissingBean (types: org.springframework.boot.autoconfigure.web.client.RestClientBuilderConfigurer; SearchStrategy: all) did not find any beans (OnBeanCondition)

   RestClientAutoConfiguration#restClientSsl matched:
      - @ConditionalOnBean (types: org.springframework.boot.ssl.SslBundles; SearchStrategy: all) found bean 'sslBundleRegistry'; @ConditionalOnMissingBean (types: org.springframework.boot.autoconfigure.web.client.RestClientSsl; SearchStrategy: all) did not find any beans (OnBeanCondition)

   RestTemplateAutoConfiguration matched:
      - @ConditionalOnClass found required class 'org.springframework.web.client.RestTemplate' (OnClassCondition)
      - NoneNestedConditions 0 matched 1 did not; NestedCondition on NotReactiveWebApplicationCondition.ReactiveWebApplication did not find reactive web application classes (NotReactiveWebApplicationCondition)

   RestTemplateAutoConfiguration#restTemplateBuilder matched:
      - @ConditionalOnMissingBean (types: org.springframework.boot.web.client.RestTemplateBuilder; SearchStrategy: all) did not find any beans (OnBeanCondition)

   ServletWebServerFactoryAutoConfiguration matched:
      - @ConditionalOnClass found required class 'jakarta.servlet.ServletRequest' (OnClassCondition)
      - found 'session' scope (OnWebApplicationCondition)

   ServletWebServerFactoryAutoConfiguration#tomcatServletWebServerFactoryCustomizer matched:
      - @ConditionalOnClass found required class 'org.apache.catalina.startup.Tomcat' (OnClassCondition)

   ServletWebServerFactoryConfiguration.EmbeddedTomcat matched:
      - @ConditionalOnClass found required classes 'jakarta.servlet.Servlet', 'org.apache.catalina.startup.Tomcat', 'org.apache.coyote.UpgradeProtocol' (OnClassCondition)
      - @ConditionalOnMissingBean (types: org.springframework.boot.web.servlet.server.ServletWebServerFactory; SearchStrategy: current) did not find any beans (OnBeanCondition)

   SimpleCacheConfiguration matched:
      - Cache org.springframework.boot.autoconfigure.cache.SimpleCacheConfiguration automatic cache type (CacheCondition)

   SpringDataWebAutoConfiguration matched:
      - @ConditionalOnClass found required classes 'org.springframework.data.web.PageableHandlerMethodArgumentResolver', 'org.springframework.web.servlet.config.annotation.WebMvcConfigurer' (OnClassCondition)
      - found 'session' scope (OnWebApplicationCondition)
      - @ConditionalOnMissingBean (types: org.springframework.data.web.PageableHandlerMethodArgumentResolver; SearchStrategy: all) did not find any beans (OnBeanCondition)

   SpringDataWebAutoConfiguration#pageableCustomizer matched:
      - @ConditionalOnMissingBean (types: org.springframework.data.web.config.PageableHandlerMethodArgumentResolverCustomizer; SearchStrategy: all) did not find any beans (OnBeanCondition)

   SpringDataWebAutoConfiguration#sortCustomizer matched:
      - @ConditionalOnMissingBean (types: org.springframework.data.web.config.SortHandlerMethodArgumentResolverCustomizer; SearchStrategy: all) did not find any beans (OnBeanCondition)

   SqlInitializationAutoConfiguration matched:
      - @ConditionalOnProperty (spring.sql.init.enabled) matched (OnPropertyCondition)
      - NoneNestedConditions 0 matched 1 did not; NestedCondition on SqlInitializationAutoConfiguration.SqlInitializationModeCondition.ModeIsNever @ConditionalOnProperty (spring.sql.init.mode=never) did not find property 'mode' (SqlInitializationAutoConfiguration.SqlInitializationModeCondition)

   SslAutoConfiguration#sslBundleRegistry matched:
      - @ConditionalOnMissingBean (types: org.springframework.boot.ssl.SslBundleRegistry,org.springframework.boot.ssl.SslBundles; SearchStrategy: all) did not find any beans (OnBeanCondition)

   TaskExecutionAutoConfiguration matched:
      - @ConditionalOnClass found required class 'org.springframework.scheduling.concurrent.ThreadPoolTaskExecutor' (OnClassCondition)

   TaskExecutorConfigurations.SimpleAsyncTaskExecutorBuilderConfiguration#simpleAsyncTaskExecutorBuilder matched:
      - @ConditionalOnMissingBean (types: org.springframework.boot.task.SimpleAsyncTaskExecutorBuilder; SearchStrategy: all) did not find any beans (OnBeanCondition)
      - @ConditionalOnThreading found PLATFORM (OnThreadingCondition)

   TaskExecutorConfigurations.TaskExecutorBuilderConfiguration#taskExecutorBuilder matched:
      - @ConditionalOnMissingBean (types: org.springframework.boot.task.TaskExecutorBuilder; SearchStrategy: all) did not find any beans (OnBeanCondition)

   TaskExecutorConfigurations.TaskExecutorConfiguration matched:
      - @ConditionalOnMissingBean (types: java.util.concurrent.Executor; SearchStrategy: all) did not find any beans (OnBeanCondition)

   TaskExecutorConfigurations.TaskExecutorConfiguration#applicationTaskExecutor matched:
      - @ConditionalOnThreading found PLATFORM (OnThreadingCondition)

   TaskExecutorConfigurations.ThreadPoolTaskExecutorBuilderConfiguration#threadPoolTaskExecutorBuilder matched:
      - @ConditionalOnMissingBean (types: org.springframework.boot.task.TaskExecutorBuilder,org.springframework.boot.task.ThreadPoolTaskExecutorBuilder; SearchStrategy: all) did not find any beans (OnBeanCondition)

   TaskSchedulingAutoConfiguration matched:
      - @ConditionalOnClass found required class 'org.springframework.scheduling.concurrent.ThreadPoolTaskScheduler' (OnClassCondition)

   TaskSchedulingConfigurations.SimpleAsyncTaskSchedulerBuilderConfiguration#simpleAsyncTaskSchedulerBuilder matched:
      - @ConditionalOnMissingBean (types: org.springframework.boot.task.SimpleAsyncTaskSchedulerBuilder; SearchStrategy: all) did not find any beans (OnBeanCondition)
      - @ConditionalOnThreading found PLATFORM (OnThreadingCondition)

   TaskSchedulingConfigurations.TaskSchedulerBuilderConfiguration#taskSchedulerBuilder matched:
      - @ConditionalOnMissingBean (types: org.springframework.boot.task.TaskSchedulerBuilder; SearchStrategy: all) did not find any beans (OnBeanCondition)

   TaskSchedulingConfigurations.ThreadPoolTaskSchedulerBuilderConfiguration#threadPoolTaskSchedulerBuilder matched:
      - @ConditionalOnMissingBean (types: org.springframework.boot.task.TaskSchedulerBuilder,org.springframework.boot.task.ThreadPoolTaskSchedulerBuilder; SearchStrategy: all) did not find any beans (OnBeanCondition)

   TransactionAutoConfiguration matched:
      - @ConditionalOnClass found required class 'org.springframework.transaction.PlatformTransactionManager' (OnClassCondition)

   TransactionAutoConfiguration.EnableTransactionManagementConfiguration matched:
      - @ConditionalOnBean (types: org.springframework.transaction.TransactionManager; SearchStrategy: all) found bean 'transactionManager'; @ConditionalOnMissingBean (types: org.springframework.transaction.annotation.AbstractTransactionManagementConfiguration; SearchStrategy: all) did not find any beans (OnBeanCondition)

   TransactionAutoConfiguration.EnableTransactionManagementConfiguration.CglibAutoProxyConfiguration matched:
      - @ConditionalOnProperty (spring.aop.proxy-target-class=true) matched (OnPropertyCondition)

   TransactionAutoConfiguration.TransactionTemplateConfiguration matched:
      - @ConditionalOnSingleCandidate (types: org.springframework.transaction.PlatformTransactionManager; SearchStrategy: all) found a single bean 'transactionManager' (OnBeanCondition)

   TransactionAutoConfiguration.TransactionTemplateConfiguration#transactionTemplate matched:
      - @ConditionalOnMissingBean (types: org.springframework.transaction.support.TransactionOperations; SearchStrategy: all) did not find any beans (OnBeanCondition)

   TransactionManagerCustomizationAutoConfiguration matched:
      - @ConditionalOnClass found required class 'org.springframework.transaction.PlatformTransactionManager' (OnClassCondition)

   TransactionManagerCustomizationAutoConfiguration#platformTransactionManagerCustomizers matched:
      - @ConditionalOnMissingBean (types: org.springframework.boot.autoconfigure.transaction.TransactionManagerCustomizers; SearchStrategy: all) did not find any beans (OnBeanCondition)

   WebMvcAutoConfiguration matched:
      - @ConditionalOnClass found required classes 'jakarta.servlet.Servlet', 'org.springframework.web.servlet.DispatcherServlet', 'org.springframework.web.servlet.config.annotation.WebMvcConfigurer' (OnClassCondition)
      - found 'session' scope (OnWebApplicationCondition)
      - @ConditionalOnMissingBean (types: org.springframework.web.servlet.config.annotation.WebMvcConfigurationSupport; SearchStrategy: all) did not find any beans (OnBeanCondition)

   WebMvcAutoConfiguration#formContentFilter matched:
      - @ConditionalOnProperty (spring.mvc.formcontent.filter.enabled) matched (OnPropertyCondition)
      - @ConditionalOnMissingBean (types: org.springframework.web.filter.FormContentFilter; SearchStrategy: all) did not find any beans (OnBeanCondition)

   WebMvcAutoConfiguration.EnableWebMvcConfiguration#flashMapManager matched:
      - @ConditionalOnMissingBean (names: flashMapManager; SearchStrategy: all) did not find any beans (OnBeanCondition)

   WebMvcAutoConfiguration.EnableWebMvcConfiguration#localeResolver matched:
      - @ConditionalOnMissingBean (names: localeResolver; SearchStrategy: all) did not find any beans (OnBeanCondition)

   WebMvcAutoConfiguration.EnableWebMvcConfiguration#themeResolver matched:
      - @ConditionalOnMissingBean (names: themeResolver; SearchStrategy: all) did not find any beans (OnBeanCondition)

   WebMvcAutoConfiguration.WebMvcAutoConfigurationAdapter#defaultViewResolver matched:
      - @ConditionalOnMissingBean (types: org.springframework.web.servlet.view.InternalResourceViewResolver; SearchStrategy: all) did not find any beans (OnBeanCondition)

   WebMvcAutoConfiguration.WebMvcAutoConfigurationAdapter#requestContextFilter matched:
      - @ConditionalOnMissingBean (types: org.springframework.web.context.request.RequestContextListener,org.springframework.web.filter.RequestContextFilter; SearchStrategy: all) did not find any beans (OnBeanCondition)

   WebMvcAutoConfiguration.WebMvcAutoConfigurationAdapter#viewResolver matched:
      - @ConditionalOnBean (types: org.springframework.web.servlet.ViewResolver; SearchStrategy: all) found beans 'defaultViewResolver', 'beanNameViewResolver', 'mvcViewResolver'; @ConditionalOnMissingBean (names: viewResolver types: org.springframework.web.servlet.view.ContentNegotiatingViewResolver; SearchStrategy: all) did not find any beans (OnBeanCondition)

   WebSocketServletAutoConfiguration matched:
      - @ConditionalOnClass found required classes 'jakarta.servlet.Servlet', 'jakarta.websocket.server.ServerContainer' (OnClassCondition)
      - found 'session' scope (OnWebApplicationCondition)

   WebSocketServletAutoConfiguration.TomcatWebSocketConfiguration matched:
      - @ConditionalOnClass found required classes 'org.apache.catalina.startup.Tomcat', 'org.apache.tomcat.websocket.server.WsSci' (OnClassCondition)

   WebSocketServletAutoConfiguration.TomcatWebSocketConfiguration#websocketServletWebServerCustomizer matched:
      - @ConditionalOnMissingBean (names: websocketServletWebServerCustomizer; SearchStrategy: all) did not find any beans (OnBeanCondition)


Negative matches:
-----------------

   ActiveMQAutoConfiguration:
      Did not match:
         - @ConditionalOnClass did not find required class 'jakarta.jms.ConnectionFactory' (OnClassCondition)

   AopAutoConfiguration.AspectJAutoProxyingConfiguration.JdkDynamicAutoProxyConfiguration:
      Did not match:
         - @ConditionalOnProperty (spring.aop.proxy-target-class=false) did not find property 'proxy-target-class' (OnPropertyCondition)

   AopAutoConfiguration.ClassProxyingConfiguration:
      Did not match:
         - @ConditionalOnMissingClass found unwanted class 'org.aspectj.weaver.Advice' (OnClassCondition)

   ArtemisAutoConfiguration:
      Did not match:
         - @ConditionalOnClass did not find required class 'jakarta.jms.ConnectionFactory' (OnClassCondition)

   BatchAutoConfiguration:
      Did not match:
         - @ConditionalOnClass did not find required class 'org.springframework.batch.core.launch.JobLauncher' (OnClassCondition)

   Cache2kCacheConfiguration:
      Did not match:
         - @ConditionalOnClass did not find required class 'org.cache2k.Cache2kBuilder' (OnClassCondition)

   CacheAutoConfiguration:
      Did not match:
         - @ConditionalOnBean (types: org.springframework.cache.interceptor.CacheAspectSupport; SearchStrategy: all) did not find any beans of type org.springframework.cache.interceptor.CacheAspectSupport (OnBeanCondition)
      Matched:
         - @ConditionalOnClass found required class 'org.springframework.cache.CacheManager' (OnClassCondition)

   CacheAutoConfiguration.CacheManagerEntityManagerFactoryDependsOnPostProcessor:
      Did not match:
         - Ancestor org.springframework.boot.autoconfigure.cache.CacheAutoConfiguration did not match (ConditionEvaluationReport.AncestorsMatchedCondition)
      Matched:
         - @ConditionalOnClass found required class 'org.springframework.orm.jpa.LocalContainerEntityManagerFactoryBean' (OnClassCondition)

   CaffeineCacheConfiguration:
      Did not match:
         - @ConditionalOnClass did not find required class 'com.github.benmanes.caffeine.cache.Caffeine' (OnClassCondition)

   CassandraAutoConfiguration:
      Did not match:
         - @ConditionalOnClass did not find required class 'com.datastax.oss.driver.api.core.CqlSession' (OnClassCondition)

   CassandraDataAutoConfiguration:
      Did not match:
         - @ConditionalOnClass did not find required class 'com.datastax.oss.driver.api.core.CqlSession' (OnClassCondition)

   CassandraReactiveDataAutoConfiguration:
      Did not match:
         - @ConditionalOnClass did not find required class 'com.datastax.oss.driver.api.core.CqlSession' (OnClassCondition)

   CassandraReactiveRepositoriesAutoConfiguration:
      Did not match:
         - @ConditionalOnClass did not find required class 'org.springframework.data.cassandra.ReactiveSession' (OnClassCondition)

   CassandraRepositoriesAutoConfiguration:
      Did not match:
         - @ConditionalOnClass did not find required class 'com.datastax.oss.driver.api.core.CqlSession' (OnClassCondition)

   ClientHttpConnectorAutoConfiguration:
      Did not match:
         - @ConditionalOnClass did not find required class 'org.springframework.web.reactive.function.client.WebClient' (OnClassCondition)

   CodecsAutoConfiguration:
      Did not match:
         - @ConditionalOnClass did not find required class 'org.springframework.web.reactive.function.client.WebClient' (OnClassCondition)

   CouchbaseAutoConfiguration:
      Did not match:
         - @ConditionalOnClass did not find required class 'com.couchbase.client.java.Cluster' (OnClassCondition)

   CouchbaseCacheConfiguration:
      Did not match:
         - @ConditionalOnClass did not find required class 'com.couchbase.client.java.Cluster' (OnClassCondition)

   CouchbaseDataAutoConfiguration:
      Did not match:
         - @ConditionalOnClass did not find required class 'com.couchbase.client.java.Bucket' (OnClassCondition)

   CouchbaseReactiveDataAutoConfiguration:
      Did not match:
         - @ConditionalOnClass did not find required class 'com.couchbase.client.java.Cluster' (OnClassCondition)

   CouchbaseReactiveRepositoriesAutoConfiguration:
      Did not match:
         - @ConditionalOnClass did not find required class 'com.couchbase.client.java.Cluster' (OnClassCondition)

   CouchbaseRepositoriesAutoConfiguration:
      Did not match:
         - @ConditionalOnClass did not find required class 'com.couchbase.client.java.Bucket' (OnClassCondition)

   DataSourceAutoConfiguration.EmbeddedDatabaseConfiguration:
      Did not match:
         - EmbeddedDataSource spring.datasource.url is set (DataSourceAutoConfiguration.EmbeddedDatabaseCondition)

   DataSourceCheckpointRestoreConfiguration:
      Did not match:
         - @ConditionalOnClass did not find required class 'org.crac.Resource' (OnClassCondition)

   DataSourceConfiguration.Dbcp2:
      Did not match:
         - @ConditionalOnClass did not find required class 'org.apache.commons.dbcp2.BasicDataSource' (OnClassCondition)

   DataSourceConfiguration.Generic:
      Did not match:
         - @ConditionalOnProperty (spring.datasource.type) did not find property 'spring.datasource.type' (OnPropertyCondition)

   DataSourceConfiguration.OracleUcp:
      Did not match:
         - @ConditionalOnClass did not find required classes 'oracle.ucp.jdbc.PoolDataSourceImpl', 'oracle.jdbc.OracleConnection' (OnClassCondition)

   DataSourceConfiguration.Tomcat:
      Did not match:
         - @ConditionalOnClass did not find required class 'org.apache.tomcat.jdbc.pool.DataSource' (OnClassCondition)

   DataSourceJmxConfiguration.TomcatDataSourceJmxConfiguration:
      Did not match:
         - @ConditionalOnClass did not find required class 'org.apache.tomcat.jdbc.pool.DataSourceProxy' (OnClassCondition)

   DataSourcePoolMetadataProvidersConfiguration.CommonsDbcp2PoolDataSourceMetadataProviderConfiguration:
      Did not match:
         - @ConditionalOnClass did not find required class 'org.apache.commons.dbcp2.BasicDataSource' (OnClassCondition)

   DataSourcePoolMetadataProvidersConfiguration.OracleUcpPoolDataSourceMetadataProviderConfiguration:
      Did not match:
         - @ConditionalOnClass did not find required classes 'oracle.ucp.jdbc.PoolDataSource', 'oracle.jdbc.OracleConnection' (OnClassCondition)

   DataSourcePoolMetadataProvidersConfiguration.TomcatDataSourcePoolMetadataProviderConfiguration:
      Did not match:
         - @ConditionalOnClass did not find required class 'org.apache.tomcat.jdbc.pool.DataSource' (OnClassCondition)

   DataSourceTransactionManagerAutoConfiguration.JdbcTransactionManagerConfiguration#transactionManager:
      Did not match:
         - @ConditionalOnMissingBean (types: org.springframework.transaction.TransactionManager; SearchStrategy: all) found beans of type 'org.springframework.transaction.TransactionManager' transactionManager (OnBeanCondition)

   DispatcherServletAutoConfiguration.DispatcherServletConfiguration#multipartResolver:
      Did not match:
         - @ConditionalOnBean (types: org.springframework.web.multipart.MultipartResolver; SearchStrategy: all) did not find any beans of type org.springframework.web.multipart.MultipartResolver (OnBeanCondition)

   ElasticsearchClientAutoConfiguration:
      Did not match:
         - @ConditionalOnClass did not find required class 'co.elastic.clients.elasticsearch.ElasticsearchClient' (OnClassCondition)

   ElasticsearchDataAutoConfiguration:
      Did not match:
         - @ConditionalOnClass did not find required class 'org.springframework.data.elasticsearch.client.elc.ElasticsearchTemplate' (OnClassCondition)

   ElasticsearchRepositoriesAutoConfiguration:
      Did not match:
         - @ConditionalOnClass did not find required class 'org.springframework.data.elasticsearch.repository.ElasticsearchRepository' (OnClassCondition)

   ElasticsearchRestClientAutoConfiguration:
      Did not match:
         - @ConditionalOnClass did not find required class 'org.elasticsearch.client.RestClientBuilder' (OnClassCondition)

   EmbeddedLdapAutoConfiguration:
      Did not match:
         - @ConditionalOnClass did not find required class 'com.unboundid.ldap.listener.InMemoryDirectoryServer' (OnClassCondition)

   EmbeddedWebServerFactoryCustomizerAutoConfiguration.JettyWebServerFactoryCustomizerConfiguration:
      Did not match:
         - @ConditionalOnClass did not find required classes 'org.eclipse.jetty.server.Server', 'org.eclipse.jetty.util.Loader', 'org.eclipse.jetty.ee10.webapp.WebAppContext' (OnClassCondition)

   EmbeddedWebServerFactoryCustomizerAutoConfiguration.NettyWebServerFactoryCustomizerConfiguration:
      Did not match:
         - @ConditionalOnClass did not find required class 'reactor.netty.http.server.HttpServer' (OnClassCondition)

   EmbeddedWebServerFactoryCustomizerAutoConfiguration.TomcatWebServerFactoryCustomizerConfiguration#tomcatVirtualThreadsProtocolHandlerCustomizer:
      Did not match:
         - @ConditionalOnThreading did not find VIRTUAL (OnThreadingCondition)

   EmbeddedWebServerFactoryCustomizerAutoConfiguration.UndertowWebServerFactoryCustomizerConfiguration:
      Did not match:
         - @ConditionalOnClass did not find required classes 'io.undertow.Undertow', 'org.xnio.SslClientAuthMode' (OnClassCondition)

   ErrorWebFluxAutoConfiguration:
      Did not match:
         - @ConditionalOnClass did not find required class 'org.springframework.web.reactive.config.WebFluxConfigurer' (OnClassCondition)

   FlywayAutoConfiguration:
      Did not match:
         - @ConditionalOnClass did not find required class 'org.flywaydb.core.Flyway' (OnClassCondition)

   FreeMarkerAutoConfiguration:
      Did not match:
         - @ConditionalOnClass did not find required class 'freemarker.template.Configuration' (OnClassCondition)

   GraphQlAutoConfiguration:
      Did not match:
         - @ConditionalOnClass did not find required class 'graphql.GraphQL' (OnClassCondition)

   GraphQlQueryByExampleAutoConfiguration:
      Did not match:
         - @ConditionalOnClass did not find required class 'graphql.GraphQL' (OnClassCondition)

   GraphQlQuerydslAutoConfiguration:
      Did not match:
         - @ConditionalOnClass did not find required class 'com.querydsl.core.Query' (OnClassCondition)

   GraphQlRSocketAutoConfiguration:
      Did not match:
         - @ConditionalOnClass did not find required class 'graphql.GraphQL' (OnClassCondition)

   GraphQlReactiveQueryByExampleAutoConfiguration:
      Did not match:
         - @ConditionalOnClass did not find required class 'graphql.GraphQL' (OnClassCondition)

   GraphQlReactiveQuerydslAutoConfiguration:
      Did not match:
         - @ConditionalOnClass did not find required class 'com.querydsl.core.Query' (OnClassCondition)

   GraphQlWebFluxAutoConfiguration:
      Did not match:
         - @ConditionalOnClass did not find required class 'graphql.GraphQL' (OnClassCondition)

   GraphQlWebFluxSecurityAutoConfiguration:
      Did not match:
         - @ConditionalOnClass did not find required class 'graphql.GraphQL' (OnClassCondition)

   GraphQlWebMvcAutoConfiguration:
      Did not match:
         - @ConditionalOnClass did not find required class 'graphql.GraphQL' (OnClassCondition)

   GraphQlWebMvcSecurityAutoConfiguration:
      Did not match:
         - @ConditionalOnClass did not find required class 'graphql.GraphQL' (OnClassCondition)

   GroovyTemplateAutoConfiguration:
      Did not match:
         - @ConditionalOnClass did not find required class 'groovy.text.markup.MarkupTemplateEngine' (OnClassCondition)

   GsonAutoConfiguration:
      Did not match:
         - @ConditionalOnClass did not find required class 'com.google.gson.Gson' (OnClassCondition)

   GsonHttpMessageConvertersConfiguration:
      Did not match:
         - @ConditionalOnClass did not find required class 'com.google.gson.Gson' (OnClassCondition)

   H2ConsoleAutoConfiguration:
      Did not match:
         - @ConditionalOnClass did not find required class 'org.h2.server.web.JakartaWebServlet' (OnClassCondition)

   HazelcastAutoConfiguration:
      Did not match:
         - @ConditionalOnClass did not find required class 'com.hazelcast.core.HazelcastInstance' (OnClassCondition)

   HazelcastCacheConfiguration:
      Did not match:
         - @ConditionalOnClass did not find required class 'com.hazelcast.core.HazelcastInstance' (OnClassCondition)

   HazelcastJpaDependencyAutoConfiguration:
      Did not match:
         - @ConditionalOnClass did not find required class 'com.hazelcast.core.HazelcastInstance' (OnClassCondition)

   HttpHandlerAutoConfiguration:
      Did not match:
         - @ConditionalOnClass did not find required class 'org.springframework.web.reactive.DispatcherHandler' (OnClassCondition)

   HypermediaAutoConfiguration:
      Did not match:
         - @ConditionalOnClass did not find required class 'org.springframework.hateoas.EntityModel' (OnClassCondition)

   InfinispanCacheConfiguration:
      Did not match:
         - @ConditionalOnClass did not find required class 'org.infinispan.spring.embedded.provider.SpringEmbeddedCacheManager' (OnClassCondition)

   InfluxDbAutoConfiguration:
      Did not match:
         - @ConditionalOnClass did not find required class 'org.influxdb.InfluxDB' (OnClassCondition)

   IntegrationAutoConfiguration:
      Did not match:
         - @ConditionalOnClass did not find required class 'org.springframework.integration.config.EnableIntegration' (OnClassCondition)

   JCacheCacheConfiguration:
      Did not match:
         - @ConditionalOnClass did not find required class 'javax.cache.Caching' (OnClassCondition)

   JacksonHttpMessageConvertersConfiguration.MappingJackson2XmlHttpMessageConverterConfiguration:
      Did not match:
         - @ConditionalOnClass did not find required class 'com.fasterxml.jackson.dataformat.xml.XmlMapper' (OnClassCondition)

   JdbcRepositoriesAutoConfiguration:
      Did not match:
         - @ConditionalOnClass did not find required class 'org.springframework.data.jdbc.repository.config.AbstractJdbcConfiguration' (OnClassCondition)

   JerseyAutoConfiguration:
      Did not match:
         - @ConditionalOnClass did not find required class 'org.glassfish.jersey.server.spring.SpringComponentProvider' (OnClassCondition)

   JmsAutoConfiguration:
      Did not match:
         - @ConditionalOnClass did not find required class 'jakarta.jms.Message' (OnClassCondition)

   JmxAutoConfiguration:
      Did not match:
         - @ConditionalOnProperty (spring.jmx.enabled=true) did not find property 'enabled' (OnPropertyCondition)
      Matched:
         - @ConditionalOnClass found required class 'org.springframework.jmx.export.MBeanExporter' (OnClassCondition)

   JndiConnectionFactoryAutoConfiguration:
      Did not match:
         - @ConditionalOnClass did not find required class 'org.springframework.jms.core.JmsTemplate' (OnClassCondition)

   JndiDataSourceAutoConfiguration:
      Did not match:
         - @ConditionalOnProperty (spring.datasource.jndi-name) did not find property 'jndi-name' (OnPropertyCondition)
      Matched:
         - @ConditionalOnClass found required classes 'javax.sql.DataSource', 'org.springframework.jdbc.datasource.embedded.EmbeddedDatabaseType' (OnClassCondition)

   JndiJtaConfiguration:
      Did not match:
         - @ConditionalOnJndi JNDI environment is not available (OnJndiCondition)
      Matched:
         - @ConditionalOnClass found required class 'org.springframework.transaction.jta.JtaTransactionManager' (OnClassCondition)

   JooqAutoConfiguration:
      Did not match:
         - @ConditionalOnClass did not find required class 'org.jooq.DSLContext' (OnClassCondition)

   JpaRepositoriesAutoConfiguration#entityManagerFactoryBootstrapExecutorCustomizer:
      Did not match:
         - AnyNestedCondition 0 matched 2 did not; NestedCondition on JpaRepositoriesAutoConfiguration.BootstrapExecutorCondition.LazyBootstrapMode @ConditionalOnProperty (spring.data.jpa.repositories.bootstrap-mode=lazy) did not find property 'bootstrap-mode'; NestedCondition on JpaRepositoriesAutoConfiguration.BootstrapExecutorCondition.DeferredBootstrapMode @ConditionalOnProperty (spring.data.jpa.repositories.bootstrap-mode=deferred) did not find property 'bootstrap-mode' (JpaRepositoriesAutoConfiguration.BootstrapExecutorCondition)

   JsonbAutoConfiguration:
      Did not match:
         - @ConditionalOnClass did not find required class 'jakarta.json.bind.Jsonb' (OnClassCondition)

   JsonbHttpMessageConvertersConfiguration:
      Did not match:
         - @ConditionalOnClass did not find required class 'jakarta.json.bind.Jsonb' (OnClassCondition)

   KafkaAutoConfiguration:
      Did not match:
         - @ConditionalOnClass did not find required class 'org.springframework.kafka.core.KafkaTemplate' (OnClassCondition)

   LdapAutoConfiguration:
      Did not match:
         - @ConditionalOnClass did not find required class 'org.springframework.ldap.core.ContextSource' (OnClassCondition)

   LdapRepositoriesAutoConfiguration:
      Did not match:
         - @ConditionalOnClass did not find required class 'org.springframework.data.ldap.repository.LdapRepository' (OnClassCondition)

   LiquibaseAutoConfiguration:
      Did not match:
         - @ConditionalOnClass did not find required class 'liquibase.change.DatabaseChange' (OnClassCondition)

   MailSenderAutoConfiguration:
      Did not match:
         - @ConditionalOnClass did not find required class 'jakarta.mail.internet.MimeMessage' (OnClassCondition)

   MailSenderValidatorAutoConfiguration:
      Did not match:
         - @ConditionalOnSingleCandidate did not find required type 'org.springframework.mail.javamail.JavaMailSenderImpl' (OnBeanCondition)

   MessageSourceAutoConfiguration:
      Did not match:
         - ResourceBundle did not find bundle with basename messages (MessageSourceAutoConfiguration.ResourceBundleCondition)

   MongoAutoConfiguration:
      Did not match:
         - @ConditionalOnClass did not find required class 'com.mongodb.client.MongoClient' (OnClassCondition)

   MongoDataAutoConfiguration:
      Did not match:
         - @ConditionalOnClass did not find required class 'com.mongodb.client.MongoClient' (OnClassCondition)

   MongoReactiveAutoConfiguration:
      Did not match:
         - @ConditionalOnClass did not find required class 'com.mongodb.reactivestreams.client.MongoClient' (OnClassCondition)

   MongoReactiveDataAutoConfiguration:
      Did not match:
         - @ConditionalOnClass did not find required class 'com.mongodb.reactivestreams.client.MongoClient' (OnClassCondition)

   MongoReactiveRepositoriesAutoConfiguration:
      Did not match:
         - @ConditionalOnClass did not find required class 'com.mongodb.reactivestreams.client.MongoClient' (OnClassCondition)

   MongoRepositoriesAutoConfiguration:
      Did not match:
         - @ConditionalOnClass did not find required class 'com.mongodb.client.MongoClient' (OnClassCondition)

   MustacheAutoConfiguration:
      Did not match:
         - @ConditionalOnClass did not find required class 'com.samskivert.mustache.Mustache' (OnClassCondition)

   Neo4jAutoConfiguration:
      Did not match:
         - @ConditionalOnClass did not find required class 'org.neo4j.driver.Driver' (OnClassCondition)

   Neo4jDataAutoConfiguration:
      Did not match:
         - @ConditionalOnClass did not find required class 'org.neo4j.driver.Driver' (OnClassCondition)

   Neo4jReactiveDataAutoConfiguration:
      Did not match:
         - @ConditionalOnClass did not find required class 'org.neo4j.driver.Driver' (OnClassCondition)

   Neo4jReactiveRepositoriesAutoConfiguration:
      Did not match:
         - @ConditionalOnClass did not find required class 'org.neo4j.driver.Driver' (OnClassCondition)

   Neo4jRepositoriesAutoConfiguration:
      Did not match:
         - @ConditionalOnClass did not find required class 'org.neo4j.driver.Driver' (OnClassCondition)

   NettyAutoConfiguration:
      Did not match:
         - @ConditionalOnClass did not find required class 'io.netty.util.NettyRuntime' (OnClassCondition)

   OAuth2AuthorizationServerAutoConfiguration:
      Did not match:
         - @ConditionalOnClass did not find required class 'org.springframework.security.oauth2.server.authorization.OAuth2Authorization' (OnClassCondition)

   OAuth2AuthorizationServerJwtAutoConfiguration:
      Did not match:
         - @ConditionalOnClass did not find required class 'org.springframework.security.oauth2.server.authorization.OAuth2Authorization' (OnClassCondition)

   OAuth2ClientAutoConfiguration:
      Did not match:
         - @ConditionalOnClass did not find required class 'org.springframework.security.config.annotation.web.configuration.EnableWebSecurity' (OnClassCondition)

   OAuth2ResourceServerAutoConfiguration:
      Did not match:
         - @ConditionalOnClass did not find required class 'org.springframework.security.oauth2.server.resource.authentication.BearerTokenAuthenticationToken' (OnClassCondition)

   ProjectInfoAutoConfiguration#buildProperties:
      Did not match:
         - @ConditionalOnResource did not find resource '${spring.info.build.location:classpath:META-INF/build-info.properties}' (OnResourceCondition)

   ProjectInfoAutoConfiguration#gitProperties:
      Did not match:
         - GitResource did not find git info at classpath:git.properties (ProjectInfoAutoConfiguration.GitResourceAvailableCondition)

   PulsarAutoConfiguration:
      Did not match:
         - @ConditionalOnClass did not find required class 'org.apache.pulsar.client.api.PulsarClient' (OnClassCondition)

   PulsarReactiveAutoConfiguration:
      Did not match:
         - @ConditionalOnClass did not find required class 'org.apache.pulsar.client.api.PulsarClient' (OnClassCondition)

   QuartzAutoConfiguration:
      Did not match:
         - @ConditionalOnClass did not find required class 'org.quartz.Scheduler' (OnClassCondition)

   R2dbcAutoConfiguration:
      Did not match:
         - @ConditionalOnClass did not find required class 'io.r2dbc.spi.ConnectionFactory' (OnClassCondition)

   R2dbcDataAutoConfiguration:
      Did not match:
         - @ConditionalOnClass did not find required class 'org.springframework.data.r2dbc.core.R2dbcEntityTemplate' (OnClassCondition)

   R2dbcInitializationConfiguration:
      Did not match:
         - @ConditionalOnClass did not find required classes 'io.r2dbc.spi.ConnectionFactory', 'org.springframework.r2dbc.connection.init.DatabasePopulator' (OnClassCondition)

   R2dbcRepositoriesAutoConfiguration:
      Did not match:
         - @ConditionalOnClass did not find required class 'io.r2dbc.spi.ConnectionFactory' (OnClassCondition)

   R2dbcTransactionManagerAutoConfiguration:
      Did not match:
         - @ConditionalOnClass did not find required class 'org.springframework.r2dbc.connection.R2dbcTransactionManager' (OnClassCondition)

   RSocketGraphQlClientAutoConfiguration:
      Did not match:
         - @ConditionalOnClass did not find required class 'graphql.GraphQL' (OnClassCondition)

   RSocketMessagingAutoConfiguration:
      Did not match:
         - @ConditionalOnClass did not find required class 'io.rsocket.RSocket' (OnClassCondition)

   RSocketRequesterAutoConfiguration:
      Did not match:
         - @ConditionalOnClass did not find required class 'io.rsocket.RSocket' (OnClassCondition)

   RSocketSecurityAutoConfiguration:
      Did not match:
         - @ConditionalOnClass did not find required class 'org.springframework.security.rsocket.core.SecuritySocketAcceptorInterceptor' (OnClassCondition)

   RSocketServerAutoConfiguration:
      Did not match:
         - @ConditionalOnClass did not find required class 'io.rsocket.core.RSocketServer' (OnClassCondition)

   RSocketStrategiesAutoConfiguration:
      Did not match:
         - @ConditionalOnClass did not find required class 'io.netty.buffer.PooledByteBufAllocator' (OnClassCondition)

   RabbitAutoConfiguration:
      Did not match:
         - @ConditionalOnClass did not find required class 'com.rabbitmq.client.Channel' (OnClassCondition)

   ReactiveElasticsearchClientAutoConfiguration:
      Did not match:
         - @ConditionalOnClass did not find required class 'co.elastic.clients.transport.ElasticsearchTransport' (OnClassCondition)

   ReactiveElasticsearchRepositoriesAutoConfiguration:
      Did not match:
         - @ConditionalOnClass did not find required class 'org.springframework.data.elasticsearch.client.elc.ReactiveElasticsearchClient' (OnClassCondition)

   ReactiveMultipartAutoConfiguration:
      Did not match:
         - @ConditionalOnClass did not find required class 'org.springframework.web.reactive.config.WebFluxConfigurer' (OnClassCondition)

   ReactiveOAuth2ClientAutoConfiguration:
      Did not match:
         - @ConditionalOnClass did not find required class 'reactor.core.publisher.Flux' (OnClassCondition)

   ReactiveOAuth2ResourceServerAutoConfiguration:
      Did not match:
         - @ConditionalOnClass did not find required class 'org.springframework.security.config.annotation.web.reactive.EnableWebFluxSecurity' (OnClassCondition)

   ReactiveSecurityAutoConfiguration:
      Did not match:
         - @ConditionalOnClass did not find required class 'reactor.core.publisher.Flux' (OnClassCondition)

   ReactiveUserDetailsServiceAutoConfiguration:
      Did not match:
         - @ConditionalOnClass did not find required class 'org.springframework.security.authentication.ReactiveAuthenticationManager' (OnClassCondition)

   ReactiveWebServerFactoryAutoConfiguration:
      Did not match:
         - @ConditionalOnWebApplication did not find reactive web application classes (OnWebApplicationCondition)

   ReactorAutoConfiguration:
      Did not match:
         - @ConditionalOnClass did not find required class 'reactor.core.publisher.Hooks' (OnClassCondition)

   RedisAutoConfiguration:
      Did not match:
         - @ConditionalOnClass did not find required class 'org.springframework.data.redis.core.RedisOperations' (OnClassCondition)

   RedisCacheConfiguration:
      Did not match:
         - @ConditionalOnClass did not find required class 'org.springframework.data.redis.connection.RedisConnectionFactory' (OnClassCondition)

   RedisReactiveAutoConfiguration:
      Did not match:
         - @ConditionalOnClass did not find required class 'reactor.core.publisher.Flux' (OnClassCondition)

   RedisRepositoriesAutoConfiguration:
      Did not match:
         - @ConditionalOnClass did not find required class 'org.springframework.data.redis.repository.configuration.EnableRedisRepositories' (OnClassCondition)

   RepositoryRestMvcAutoConfiguration:
      Did not match:
         - @ConditionalOnClass did not find required class 'org.springframework.data.rest.webmvc.config.RepositoryRestMvcConfiguration' (OnClassCondition)

   Saml2RelyingPartyAutoConfiguration:
      Did not match:
         - @ConditionalOnClass did not find required class 'org.springframework.security.saml2.provider.service.registration.RelyingPartyRegistrationRepository' (OnClassCondition)

   SecurityAutoConfiguration:
      Did not match:
         - @ConditionalOnClass did not find required class 'org.springframework.security.authentication.DefaultAuthenticationEventPublisher' (OnClassCondition)

   SecurityFilterAutoConfiguration:
      Did not match:
         - @ConditionalOnClass did not find required class 'org.springframework.security.config.http.SessionCreationPolicy' (OnClassCondition)

   SendGridAutoConfiguration:
      Did not match:
         - @ConditionalOnClass did not find required class 'com.sendgrid.SendGrid' (OnClassCondition)

   ServletWebServerFactoryAutoConfiguration.ForwardedHeaderFilterConfiguration:
      Did not match:
         - @ConditionalOnProperty (server.forward-headers-strategy=framework) did not find property 'server.forward-headers-strategy' (OnPropertyCondition)

   ServletWebServerFactoryConfiguration.EmbeddedJetty:
      Did not match:
         - @ConditionalOnClass did not find required classes 'org.eclipse.jetty.server.Server', 'org.eclipse.jetty.util.Loader', 'org.eclipse.jetty.ee10.webapp.WebAppContext' (OnClassCondition)

   ServletWebServerFactoryConfiguration.EmbeddedUndertow:
      Did not match:
         - @ConditionalOnClass did not find required classes 'io.undertow.Undertow', 'org.xnio.SslClientAuthMode' (OnClassCondition)

   SessionAutoConfiguration:
      Did not match:
         - @ConditionalOnClass did not find required class 'org.springframework.session.Session' (OnClassCondition)

   SpringApplicationAdminJmxAutoConfiguration:
      Did not match:
         - @ConditionalOnProperty (spring.application.admin.enabled=true) did not find property 'enabled' (OnPropertyCondition)

   TaskExecutorConfigurations.SimpleAsyncTaskExecutorBuilderConfiguration#simpleAsyncTaskExecutorBuilderVirtualThreads:
      Did not match:
         - @ConditionalOnMissingBean (types: org.springframework.boot.task.SimpleAsyncTaskExecutorBuilder; SearchStrategy: all) found beans of type 'org.springframework.boot.task.SimpleAsyncTaskExecutorBuilder' simpleAsyncTaskExecutorBuilder (OnBeanCondition)

   TaskExecutorConfigurations.TaskExecutorConfiguration#applicationTaskExecutorVirtualThreads:
      Did not match:
         - @ConditionalOnThreading did not find VIRTUAL (OnThreadingCondition)

   TaskSchedulingAutoConfiguration#scheduledBeanLazyInitializationExcludeFilter:
      Did not match:
         - @ConditionalOnBean (names: org.springframework.context.annotation.internalScheduledAnnotationProcessor; SearchStrategy: all) did not find any beans named org.springframework.context.annotation.internalScheduledAnnotationProcessor (OnBeanCondition)

   TaskSchedulingConfigurations.SimpleAsyncTaskSchedulerBuilderConfiguration#simpleAsyncTaskSchedulerBuilderVirtualThreads:
      Did not match:
         - @ConditionalOnMissingBean (types: org.springframework.boot.task.SimpleAsyncTaskSchedulerBuilder; SearchStrategy: all) found beans of type 'org.springframework.boot.task.SimpleAsyncTaskSchedulerBuilder' simpleAsyncTaskSchedulerBuilder (OnBeanCondition)

   TaskSchedulingConfigurations.TaskSchedulerConfiguration:
      Did not match:
         - @ConditionalOnBean (names: org.springframework.context.annotation.internalScheduledAnnotationProcessor; SearchStrategy: all) did not find any beans named org.springframework.context.annotation.internalScheduledAnnotationProcessor (OnBeanCondition)

   ThymeleafAutoConfiguration:
      Did not match:
         - @ConditionalOnClass did not find required class 'org.thymeleaf.spring6.SpringTemplateEngine' (OnClassCondition)

   TransactionAutoConfiguration#transactionalOperator:
      Did not match:
         - @ConditionalOnSingleCandidate (types: org.springframework.transaction.ReactiveTransactionManager; SearchStrategy: all) did not find any beans (OnBeanCondition)

   TransactionAutoConfiguration.AspectJTransactionManagementConfiguration:
      Did not match:
         - @ConditionalOnBean (types: org.springframework.transaction.aspectj.AbstractTransactionAspect; SearchStrategy: all) did not find any beans of type org.springframework.transaction.aspectj.AbstractTransactionAspect (OnBeanCondition)

   TransactionAutoConfiguration.EnableTransactionManagementConfiguration.JdkDynamicAutoProxyConfiguration:
      Did not match:
         - @ConditionalOnProperty (spring.aop.proxy-target-class=false) did not find property 'proxy-target-class' (OnPropertyCondition)

   UserDetailsServiceAutoConfiguration:
      Did not match:
         - @ConditionalOnClass did not find required class 'org.springframework.security.authentication.AuthenticationManager' (OnClassCondition)

   ValidationAutoConfiguration:
      Did not match:
         - @ConditionalOnClass did not find required class 'jakarta.validation.executable.ExecutableValidator' (OnClassCondition)

   WebClientAutoConfiguration:
      Did not match:
         - @ConditionalOnClass did not find required class 'org.springframework.web.reactive.function.client.WebClient' (OnClassCondition)

   WebFluxAutoConfiguration:
      Did not match:
         - @ConditionalOnClass did not find required class 'org.springframework.web.reactive.config.WebFluxConfigurer' (OnClassCondition)

   WebMvcAutoConfiguration#hiddenHttpMethodFilter:
      Did not match:
         - @ConditionalOnProperty (spring.mvc.hiddenmethod.filter.enabled) did not find property 'enabled' (OnPropertyCondition)

   WebMvcAutoConfiguration.ProblemDetailsErrorHandlingConfiguration:
      Did not match:
         - @ConditionalOnProperty (spring.mvc.problemdetails.enabled=true) did not find property 'enabled' (OnPropertyCondition)

   WebMvcAutoConfiguration.ResourceChainCustomizerConfiguration:
      Did not match:
         - @ConditionalOnEnabledResourceChain did not find class org.webjars.WebJarAssetLocator (OnEnabledResourceChainCondition)

   WebMvcAutoConfiguration.WebMvcAutoConfigurationAdapter#beanNameViewResolver:
      Did not match:
         - @ConditionalOnMissingBean (types: org.springframework.web.servlet.view.BeanNameViewResolver; SearchStrategy: all) found beans of type 'org.springframework.web.servlet.view.BeanNameViewResolver' beanNameViewResolver (OnBeanCondition)

   WebServiceTemplateAutoConfiguration:
      Did not match:
         - @ConditionalOnClass did not find required class 'org.springframework.oxm.Marshaller' (OnClassCondition)

   WebServicesAutoConfiguration:
      Did not match:
         - @ConditionalOnClass did not find required class 'org.springframework.ws.transport.http.MessageDispatcherServlet' (OnClassCondition)

   WebSessionIdResolverAutoConfiguration:
      Did not match:
         - @ConditionalOnClass did not find required class 'reactor.core.publisher.Mono' (OnClassCondition)

   WebSocketMessagingAutoConfiguration:
      Did not match:
         - @ConditionalOnClass did not find required class 'org.springframework.web.socket.config.annotation.WebSocketMessageBrokerConfigurer' (OnClassCondition)

   WebSocketReactiveAutoConfiguration:
      Did not match:
         - @ConditionalOnWebApplication did not find reactive web application classes (OnWebApplicationCondition)

   WebSocketServletAutoConfiguration.JettyWebSocketConfiguration:
      Did not match:
         - @ConditionalOnClass did not find required class 'org.eclipse.jetty.ee10.websocket.jakarta.server.config.JakartaWebSocketServletContainerInitializer' (OnClassCondition)

   WebSocketServletAutoConfiguration.UndertowWebSocketConfiguration:
      Did not match:
         - @ConditionalOnClass did not find required class 'io.undertow.websockets.jsr.Bootstrap' (OnClassCondition)

   XADataSourceAutoConfiguration:
      Did not match:
         - @ConditionalOnBean (types: org.springframework.boot.jdbc.XADataSourceWrapper; SearchStrategy: all) did not find any beans of type org.springframework.boot.jdbc.XADataSourceWrapper (OnBeanCondition)
      Matched:
         - @ConditionalOnClass found required classes 'javax.sql.DataSource', 'jakarta.transaction.TransactionManager', 'org.springframework.jdbc.datasource.embedded.EmbeddedDatabaseType' (OnClassCondition)


Exclusions:
-----------

    None


Unconditional classes:
----------------------

    org.springframework.boot.autoconfigure.context.ConfigurationPropertiesAutoConfiguration

    org.springframework.boot.autoconfigure.ssl.SslAutoConfiguration

    org.springframework.boot.autoconfigure.context.LifecycleAutoConfiguration

    org.springframework.boot.autoconfigure.context.PropertyPlaceholderAutoConfiguration

    org.springframework.boot.autoconfigure.availability.ApplicationAvailabilityAutoConfiguration

    org.springframework.boot.autoconfigure.info.ProjectInfoAutoConfiguration



2026-04-28T13:56:12.741+05:30  INFO 6992 --- [lifeline-backend] [           main] com.lifeline.LifeLineApplication         : Started LifeLineApplication in 7.408 seconds (process running for 7.943)
2026-04-28T13:56:12.742+05:30 DEBUG 6992 --- [lifeline-backend] [           main] o.s.b.a.ApplicationAvailabilityBean      : Application availability state LivenessState changed to CORRECT
2026-04-28T13:56:12.745+05:30 DEBUG 6992 --- [lifeline-backend] [           main] o.s.jdbc.core.JdbcTemplate               : Executing SQL query [SELECT COUNT(*) FROM information_schema.columns WHERE table_schema = DATABASE() AND table_name = 'health_histories' AND column_name = 'user_id']
2026-04-28T13:56:12.756+05:30 DEBUG 6992 --- [lifeline-backend] [           main] o.s.jdbc.core.JdbcTemplate               : Executing SQL query [SELECT COUNT(*) FROM information_schema.columns WHERE table_schema = DATABASE() AND table_name = 'health_histories' AND column_name = 'donor_id']
2026-04-28T13:56:12.758+05:30 DEBUG 6992 --- [lifeline-backend] [           main] o.s.jdbc.core.JdbcTemplate               : Executing SQL query [SELECT COUNT(*) FROM information_schema.key_column_usage WHERE table_schema = DATABASE() AND table_name = 'health_histories' AND column_name = 'user_id' AND referenced_table_name = 'users']
2026-04-28T13:56:12.759+05:30 DEBUG 6992 --- [lifeline-backend] [           main] o.s.jdbc.core.JdbcTemplate               : Executing SQL query [SELECT COUNT(*) FROM information_schema.columns WHERE table_schema = DATABASE() AND table_name = 'health_histories' AND column_name = 'donor_id']
2026-04-28T13:56:12.823+05:30 DEBUG 6992 --- [lifeline-backend] [           main] org.hibernate.SQL                        : select count(*) from users u1_0
Hibernate: select count(*) from users u1_0
2026-04-28T13:56:12.837+05:30 DEBUG 6992 --- [lifeline-backend] [           main] org.hibernate.SQL                        : select count(*) from inventory i1_0
Hibernate: select count(*) from inventory i1_0
2026-04-28T13:56:12.890+05:30 DEBUG 6992 --- [lifeline-backend] [           main] org.hibernate.SQL                        : select i1_0.id,i1_0.blood_type,i1_0.collected_at,i1_0.donor_name,i1_0.donor_user_id,i1_0.expiry_date,i1_0.quantity,i1_0.safety_flag,i1_0.source_appointment_id,i1_0.status,i1_0.test_status from inventory i1_0 where upper(i1_0.blood_type)=upper(?)
Hibernate: select i1_0.id,i1_0.blood_type,i1_0.collected_at,i1_0.donor_name,i1_0.donor_user_id,i1_0.expiry_date,i1_0.quantity,i1_0.safety_flag,i1_0.source_appointment_id,i1_0.status,i1_0.test_status from inventory i1_0 where upper(i1_0.blood_type)=upper(?)
2026-04-28T13:56:12.913+05:30 DEBUG 6992 --- [lifeline-backend] [           main] org.hibernate.SQL                        : select i1_0.id,i1_0.blood_type,i1_0.collected_at,i1_0.donor_name,i1_0.donor_user_id,i1_0.expiry_date,i1_0.quantity,i1_0.safety_flag,i1_0.source_appointment_id,i1_0.status,i1_0.test_status from inventory i1_0 where i1_0.id=?
Hibernate: select i1_0.id,i1_0.blood_type,i1_0.collected_at,i1_0.donor_name,i1_0.donor_user_id,i1_0.expiry_date,i1_0.quantity,i1_0.safety_flag,i1_0.source_appointment_id,i1_0.status,i1_0.test_status from inventory i1_0 where i1_0.id=?
2026-04-28T13:56:12.928+05:30 DEBUG 6992 --- [lifeline-backend] [           main] org.hibernate.SQL                        : select i1_0.id,i1_0.blood_type,i1_0.collected_at,i1_0.donor_name,i1_0.donor_user_id,i1_0.expiry_date,i1_0.quantity,i1_0.safety_flag,i1_0.source_appointment_id,i1_0.status,i1_0.test_status from inventory i1_0 where upper(i1_0.blood_type)=upper(?)
Hibernate: select i1_0.id,i1_0.blood_type,i1_0.collected_at,i1_0.donor_name,i1_0.donor_user_id,i1_0.expiry_date,i1_0.quantity,i1_0.safety_flag,i1_0.source_appointment_id,i1_0.status,i1_0.test_status from inventory i1_0 where upper(i1_0.blood_type)=upper(?)
2026-04-28T13:56:12.931+05:30 DEBUG 6992 --- [lifeline-backend] [           main] org.hibernate.SQL                        : select i1_0.id,i1_0.blood_type,i1_0.collected_at,i1_0.donor_name,i1_0.donor_user_id,i1_0.expiry_date,i1_0.quantity,i1_0.safety_flag,i1_0.source_appointment_id,i1_0.status,i1_0.test_status from inventory i1_0 where i1_0.id=?
Hibernate: select i1_0.id,i1_0.blood_type,i1_0.collected_at,i1_0.donor_name,i1_0.donor_user_id,i1_0.expiry_date,i1_0.quantity,i1_0.safety_flag,i1_0.source_appointment_id,i1_0.status,i1_0.test_status from inventory i1_0 where i1_0.id=?
2026-04-28T13:56:12.936+05:30 DEBUG 6992 --- [lifeline-backend] [           main] org.hibernate.SQL                        : select i1_0.id,i1_0.blood_type,i1_0.collected_at,i1_0.donor_name,i1_0.donor_user_id,i1_0.expiry_date,i1_0.quantity,i1_0.safety_flag,i1_0.source_appointment_id,i1_0.status,i1_0.test_status from inventory i1_0 where upper(i1_0.blood_type)=upper(?)
Hibernate: select i1_0.id,i1_0.blood_type,i1_0.collected_at,i1_0.donor_name,i1_0.donor_user_id,i1_0.expiry_date,i1_0.quantity,i1_0.safety_flag,i1_0.source_appointment_id,i1_0.status,i1_0.test_status from inventory i1_0 where upper(i1_0.blood_type)=upper(?)
2026-04-28T13:56:12.939+05:30 DEBUG 6992 --- [lifeline-backend] [           main] org.hibernate.SQL                        : select i1_0.id,i1_0.blood_type,i1_0.collected_at,i1_0.donor_name,i1_0.donor_user_id,i1_0.expiry_date,i1_0.quantity,i1_0.safety_flag,i1_0.source_appointment_id,i1_0.status,i1_0.test_status from inventory i1_0 where i1_0.id=?
Hibernate: select i1_0.id,i1_0.blood_type,i1_0.collected_at,i1_0.donor_name,i1_0.donor_user_id,i1_0.expiry_date,i1_0.quantity,i1_0.safety_flag,i1_0.source_appointment_id,i1_0.status,i1_0.test_status from inventory i1_0 where i1_0.id=?
2026-04-28T13:56:12.943+05:30 DEBUG 6992 --- [lifeline-backend] [           main] org.hibernate.SQL                        : select i1_0.id,i1_0.blood_type,i1_0.collected_at,i1_0.donor_name,i1_0.donor_user_id,i1_0.expiry_date,i1_0.quantity,i1_0.safety_flag,i1_0.source_appointment_id,i1_0.status,i1_0.test_status from inventory i1_0 where upper(i1_0.blood_type)=upper(?)
Hibernate: select i1_0.id,i1_0.blood_type,i1_0.collected_at,i1_0.donor_name,i1_0.donor_user_id,i1_0.expiry_date,i1_0.quantity,i1_0.safety_flag,i1_0.source_appointment_id,i1_0.status,i1_0.test_status from inventory i1_0 where upper(i1_0.blood_type)=upper(?)
2026-04-28T13:56:12.948+05:30 DEBUG 6992 --- [lifeline-backend] [           main] org.hibernate.SQL                        : select i1_0.id,i1_0.blood_type,i1_0.collected_at,i1_0.donor_name,i1_0.donor_user_id,i1_0.expiry_date,i1_0.quantity,i1_0.safety_flag,i1_0.source_appointment_id,i1_0.status,i1_0.test_status from inventory i1_0 where i1_0.id=?
Hibernate: select i1_0.id,i1_0.blood_type,i1_0.collected_at,i1_0.donor_name,i1_0.donor_user_id,i1_0.expiry_date,i1_0.quantity,i1_0.safety_flag,i1_0.source_appointment_id,i1_0.status,i1_0.test_status from inventory i1_0 where i1_0.id=?
2026-04-28T13:56:12.955+05:30 DEBUG 6992 --- [lifeline-backend] [           main] org.hibernate.SQL                        : select i1_0.id,i1_0.blood_type,i1_0.collected_at,i1_0.donor_name,i1_0.donor_user_id,i1_0.expiry_date,i1_0.quantity,i1_0.safety_flag,i1_0.source_appointment_id,i1_0.status,i1_0.test_status from inventory i1_0 where upper(i1_0.blood_type)=upper(?)
Hibernate: select i1_0.id,i1_0.blood_type,i1_0.collected_at,i1_0.donor_name,i1_0.donor_user_id,i1_0.expiry_date,i1_0.quantity,i1_0.safety_flag,i1_0.source_appointment_id,i1_0.status,i1_0.test_status from inventory i1_0 where upper(i1_0.blood_type)=upper(?)
2026-04-28T13:56:12.959+05:30 DEBUG 6992 --- [lifeline-backend] [           main] org.hibernate.SQL                        : select i1_0.id,i1_0.blood_type,i1_0.collected_at,i1_0.donor_name,i1_0.donor_user_id,i1_0.expiry_date,i1_0.quantity,i1_0.safety_flag,i1_0.source_appointment_id,i1_0.status,i1_0.test_status from inventory i1_0 where i1_0.id=?
Hibernate: select i1_0.id,i1_0.blood_type,i1_0.collected_at,i1_0.donor_name,i1_0.donor_user_id,i1_0.expiry_date,i1_0.quantity,i1_0.safety_flag,i1_0.source_appointment_id,i1_0.status,i1_0.test_status from inventory i1_0 where i1_0.id=?
2026-04-28T13:56:12.964+05:30 DEBUG 6992 --- [lifeline-backend] [           main] org.hibernate.SQL                        : select i1_0.id,i1_0.blood_type,i1_0.collected_at,i1_0.donor_name,i1_0.donor_user_id,i1_0.expiry_date,i1_0.quantity,i1_0.safety_flag,i1_0.source_appointment_id,i1_0.status,i1_0.test_status from inventory i1_0 where upper(i1_0.blood_type)=upper(?)
Hibernate: select i1_0.id,i1_0.blood_type,i1_0.collected_at,i1_0.donor_name,i1_0.donor_user_id,i1_0.expiry_date,i1_0.quantity,i1_0.safety_flag,i1_0.source_appointment_id,i1_0.status,i1_0.test_status from inventory i1_0 where upper(i1_0.blood_type)=upper(?)
2026-04-28T13:56:12.968+05:30 DEBUG 6992 --- [lifeline-backend] [           main] org.hibernate.SQL                        : select i1_0.id,i1_0.blood_type,i1_0.collected_at,i1_0.donor_name,i1_0.donor_user_id,i1_0.expiry_date,i1_0.quantity,i1_0.safety_flag,i1_0.source_appointment_id,i1_0.status,i1_0.test_status from inventory i1_0 where i1_0.id=?
Hibernate: select i1_0.id,i1_0.blood_type,i1_0.collected_at,i1_0.donor_name,i1_0.donor_user_id,i1_0.expiry_date,i1_0.quantity,i1_0.safety_flag,i1_0.source_appointment_id,i1_0.status,i1_0.test_status from inventory i1_0 where i1_0.id=?
2026-04-28T13:56:12.973+05:30 DEBUG 6992 --- [lifeline-backend] [           main] org.hibernate.SQL                        : select i1_0.id,i1_0.blood_type,i1_0.collected_at,i1_0.donor_name,i1_0.donor_user_id,i1_0.expiry_date,i1_0.quantity,i1_0.safety_flag,i1_0.source_appointment_id,i1_0.status,i1_0.test_status from inventory i1_0 where upper(i1_0.blood_type)=upper(?)
Hibernate: select i1_0.id,i1_0.blood_type,i1_0.collected_at,i1_0.donor_name,i1_0.donor_user_id,i1_0.expiry_date,i1_0.quantity,i1_0.safety_flag,i1_0.source_appointment_id,i1_0.status,i1_0.test_status from inventory i1_0 where upper(i1_0.blood_type)=upper(?)
2026-04-28T13:56:12.978+05:30 DEBUG 6992 --- [lifeline-backend] [           main] org.hibernate.SQL                        : select i1_0.id,i1_0.blood_type,i1_0.collected_at,i1_0.donor_name,i1_0.donor_user_id,i1_0.expiry_date,i1_0.quantity,i1_0.safety_flag,i1_0.source_appointment_id,i1_0.status,i1_0.test_status from inventory i1_0 where i1_0.id=?
Hibernate: select i1_0.id,i1_0.blood_type,i1_0.collected_at,i1_0.donor_name,i1_0.donor_user_id,i1_0.expiry_date,i1_0.quantity,i1_0.safety_flag,i1_0.source_appointment_id,i1_0.status,i1_0.test_status from inventory i1_0 where i1_0.id=?
2026-04-28T13:56:12.984+05:30 DEBUG 6992 --- [lifeline-backend] [           main] org.hibernate.SQL                        : select i1_0.id,i1_0.blood_type,i1_0.collected_at,i1_0.donor_name,i1_0.donor_user_id,i1_0.expiry_date,i1_0.quantity,i1_0.safety_flag,i1_0.source_appointment_id,i1_0.status,i1_0.test_status from inventory i1_0 where upper(i1_0.blood_type)=upper(?)
Hibernate: select i1_0.id,i1_0.blood_type,i1_0.collected_at,i1_0.donor_name,i1_0.donor_user_id,i1_0.expiry_date,i1_0.quantity,i1_0.safety_flag,i1_0.source_appointment_id,i1_0.status,i1_0.test_status from inventory i1_0 where upper(i1_0.blood_type)=upper(?)
2026-04-28T13:56:12.988+05:30 DEBUG 6992 --- [lifeline-backend] [           main] org.hibernate.SQL                        : select i1_0.id,i1_0.blood_type,i1_0.collected_at,i1_0.donor_name,i1_0.donor_user_id,i1_0.expiry_date,i1_0.quantity,i1_0.safety_flag,i1_0.source_appointment_id,i1_0.status,i1_0.test_status from inventory i1_0 where i1_0.id=?
Hibernate: select i1_0.id,i1_0.blood_type,i1_0.collected_at,i1_0.donor_name,i1_0.donor_user_id,i1_0.expiry_date,i1_0.quantity,i1_0.safety_flag,i1_0.source_appointment_id,i1_0.status,i1_0.test_status from inventory i1_0 where i1_0.id=?
Baseline inventory synchronized.
2026-04-28T13:56:12.993+05:30 DEBUG 6992 --- [lifeline-backend] [           main] org.hibernate.SQL                        : select count(*) from camps c1_0
Hibernate: select count(*) from camps c1_0
2026-04-28T13:56:13.001+05:30 DEBUG 6992 --- [lifeline-backend] [           main] org.hibernate.SQL                        : select count(*) from hospitals h1_0
Hibernate: select count(*) from hospitals h1_0
2026-04-28T13:56:13.007+05:30 DEBUG 6992 --- [lifeline-backend] [           main] o.s.jdbc.core.JdbcTemplate               : Executing SQL statement [ALTER TABLE users MODIFY COLUMN role VARCHAR(24) NOT NULL]
2026-04-28T13:56:13.083+05:30 DEBUG 6992 --- [lifeline-backend] [           main] o.s.b.a.ApplicationAvailabilityBean      : Application availability state ReadinessState changed to ACCEPTING_TRAFFIC
2026-04-28T13:59:37.219+05:30  INFO 6992 --- [lifeline-backend] [nio-8080-exec-2] o.a.c.c.C.[Tomcat].[localhost].[/]       : Initializing Spring DispatcherServlet 'dispatcherServlet'
2026-04-28T13:59:37.220+05:30  INFO 6992 --- [lifeline-backend] [nio-8080-exec-2] o.s.web.servlet.DispatcherServlet        : Initializing Servlet 'dispatcherServlet'
2026-04-28T13:59:37.221+05:30 DEBUG 6992 --- [lifeline-backend] [nio-8080-exec-2] o.s.web.servlet.DispatcherServlet        : Detected StandardServletMultipartResolver
2026-04-28T13:59:37.222+05:30 DEBUG 6992 --- [lifeline-backend] [nio-8080-exec-2] o.s.web.servlet.DispatcherServlet        : Detected AcceptHeaderLocaleResolver
2026-04-28T13:59:37.222+05:30 DEBUG 6992 --- [lifeline-backend] [nio-8080-exec-2] o.s.web.servlet.DispatcherServlet        : Detected FixedThemeResolver
2026-04-28T13:59:37.224+05:30 DEBUG 6992 --- [lifeline-backend] [nio-8080-exec-2] o.s.web.servlet.DispatcherServlet        : Detected org.springframework.web.servlet.view.DefaultRequestToViewNameTranslator@4f9a8d71
2026-04-28T13:59:37.225+05:30 DEBUG 6992 --- [lifeline-backend] [nio-8080-exec-2] o.s.web.servlet.DispatcherServlet        : Detected org.springframework.web.servlet.support.SessionFlashMapManager@57bc7f67
2026-04-28T13:59:37.226+05:30 DEBUG 6992 --- [lifeline-backend] [nio-8080-exec-2] o.s.web.servlet.DispatcherServlet        : enableLoggingRequestDetails='false': request parameters and headers will be masked to prevent unsafe logging of potentially sensitive data
2026-04-28T13:59:37.227+05:30  INFO 6992 --- [lifeline-backend] [nio-8080-exec-2] o.s.web.servlet.DispatcherServlet        : Completed initialization in 6 ms
2026-04-28T13:59:37.245+05:30 DEBUG 6992 --- [lifeline-backend] [nio-8080-exec-2] o.s.web.servlet.DispatcherServlet        : GET "/api/auth/me", parameters={}
2026-04-28T13:59:37.272+05:30 DEBUG 6992 --- [lifeline-backend] [nio-8080-exec-2] s.w.s.m.m.a.RequestMappingHandlerMapping : Mapped to com.lifeline.controller.AuthController#me(HttpSession)
2026-04-28T13:59:37.500+05:30 DEBUG 6992 --- [lifeline-backend] [nio-8080-exec-2] o.s.w.s.m.m.a.HttpEntityMethodProcessor  : Using 'application/json', given [application/json, text/plain, */*] and supported [application/json, application/*+json]
2026-04-28T13:59:37.509+05:30 DEBUG 6992 --- [lifeline-backend] [nio-8080-exec-2] o.s.w.s.m.m.a.HttpEntityMethodProcessor  : Writing [{message=Not authenticated}]
2026-04-28T13:59:37.618+05:30 DEBUG 6992 --- [lifeline-backend] [nio-8080-exec-2] o.s.web.servlet.DispatcherServlet        : Completed 401 UNAUTHORIZED
2026-04-28T13:59:37.620+05:30 DEBUG 6992 --- [lifeline-backend] [nio-8080-exec-7] o.s.web.servlet.DispatcherServlet        : GET "/api/auth/me", parameters={}
2026-04-28T13:59:37.622+05:30 DEBUG 6992 --- [lifeline-backend] [nio-8080-exec-7] s.w.s.m.m.a.RequestMappingHandlerMapping : Mapped to com.lifeline.controller.AuthController#me(HttpSession)
2026-04-28T13:59:37.625+05:30 DEBUG 6992 --- [lifeline-backend] [nio-8080-exec-7] o.s.w.s.m.m.a.HttpEntityMethodProcessor  : Using 'application/json', given [application/json, text/plain, */*] and supported [application/json, application/*+json]
2026-04-28T13:59:37.627+05:30 DEBUG 6992 --- [lifeline-backend] [nio-8080-exec-7] o.s.w.s.m.m.a.HttpEntityMethodProcessor  : Writing [{message=Not authenticated}]
2026-04-28T13:59:37.630+05:30 DEBUG 6992 --- [lifeline-backend] [nio-8080-exec-7] o.s.web.servlet.DispatcherServlet        : Completed 401 UNAUTHORIZED
2026-04-28T13:59:40.435+05:30 DEBUG 6992 --- [lifeline-backend] [nio-8080-exec-4] o.s.web.servlet.DispatcherServlet        : GET "/api/auth/me", parameters={}
2026-04-28T13:59:40.437+05:30 DEBUG 6992 --- [lifeline-backend] [nio-8080-exec-4] s.w.s.m.m.a.RequestMappingHandlerMapping : Mapped to com.lifeline.controller.AuthController#me(HttpSession)
2026-04-28T13:59:40.439+05:30 DEBUG 6992 --- [lifeline-backend] [nio-8080-exec-4] o.s.w.s.m.m.a.HttpEntityMethodProcessor  : Using 'application/json', given [application/json, text/plain, */*] and supported [application/json, application/*+json]
2026-04-28T13:59:40.441+05:30 DEBUG 6992 --- [lifeline-backend] [nio-8080-exec-4] o.s.w.s.m.m.a.HttpEntityMethodProcessor  : Writing [{message=Not authenticated}]
2026-04-28T13:59:40.443+05:30 DEBUG 6992 --- [lifeline-backend] [nio-8080-exec-4] o.s.web.servlet.DispatcherServlet        : Completed 401 UNAUTHORIZED
2026-04-28T13:59:40.445+05:30 DEBUG 6992 --- [lifeline-backend] [nio-8080-exec-1] o.s.web.servlet.DispatcherServlet        : GET "/api/auth/me", parameters={}
2026-04-28T13:59:40.447+05:30 DEBUG 6992 --- [lifeline-backend] [nio-8080-exec-1] s.w.s.m.m.a.RequestMappingHandlerMapping : Mapped to com.lifeline.controller.AuthController#me(HttpSession)
2026-04-28T13:59:40.449+05:30 DEBUG 6992 --- [lifeline-backend] [nio-8080-exec-1] o.s.w.s.m.m.a.HttpEntityMethodProcessor  : Using 'application/json', given [application/json, text/plain, */*] and supported [application/json, application/*+json]
2026-04-28T13:59:40.450+05:30 DEBUG 6992 --- [lifeline-backend] [nio-8080-exec-1] o.s.w.s.m.m.a.HttpEntityMethodProcessor  : Writing [{message=Not authenticated}]
2026-04-28T13:59:40.452+05:30 DEBUG 6992 --- [lifeline-backend] [nio-8080-exec-1] o.s.web.servlet.DispatcherServlet        : Completed 401 UNAUTHORIZED
2026-04-28T14:00:04.115+05:30 DEBUG 6992 --- [lifeline-backend] [nio-8080-exec-5] o.s.web.servlet.DispatcherServlet        : OPTIONS "/api/auth/login", parameters={}
2026-04-28T14:00:04.117+05:30 DEBUG 6992 --- [lifeline-backend] [nio-8080-exec-5] s.w.s.m.m.a.RequestMappingHandlerMapping : Mapped to com.lifeline.controller.AuthController#login(Map, HttpSession)
2026-04-28T14:00:04.120+05:30 DEBUG 6992 --- [lifeline-backend] [nio-8080-exec-5] o.s.web.servlet.DispatcherServlet        : Completed 200 OK
2026-04-28T14:00:04.130+05:30 DEBUG 6992 --- [lifeline-backend] [nio-8080-exec-6] o.s.web.servlet.DispatcherServlet        : POST "/api/auth/login", parameters={}
2026-04-28T14:00:04.132+05:30 DEBUG 6992 --- [lifeline-backend] [nio-8080-exec-6] s.w.s.m.m.a.RequestMappingHandlerMapping : Mapped to com.lifeline.controller.AuthController#login(Map, HttpSession)
2026-04-28T14:00:04.216+05:30 DEBUG 6992 --- [lifeline-backend] [nio-8080-exec-6] m.m.a.RequestResponseBodyMethodProcessor : Read "application/json;charset=UTF-8" to [{nicNo=900000000V, password=admin123}]
2026-04-28T14:00:04.297+05:30 DEBUG 6992 --- [lifeline-backend] [nio-8080-exec-6] org.hibernate.SQL                        : select u1_0.id,u1_0.name,u1_0.nic_no,u1_0.password,u1_0.phone_number,u1_0.role from users u1_0 where u1_0.nic_no=?
Hibernate: select u1_0.id,u1_0.name,u1_0.nic_no,u1_0.password,u1_0.phone_number,u1_0.role from users u1_0 where u1_0.nic_no=?
2026-04-28T14:00:04.309+05:30 DEBUG 6992 --- [lifeline-backend] [nio-8080-exec-6] o.s.w.s.m.m.a.HttpEntityMethodProcessor  : Using 'application/json', given [application/json, text/plain, */*] and supported [application/json, application/*+json]
2026-04-28T14:00:04.310+05:30 DEBUG 6992 --- [lifeline-backend] [nio-8080-exec-6] o.s.w.s.m.m.a.HttpEntityMethodProcessor  : Writing [{phoneNumber=0710000001, nicNo=900000000V, role=ADMIN, userId=1, name=Admin Staff}]
2026-04-28T14:00:04.315+05:30 DEBUG 6992 --- [lifeline-backend] [nio-8080-exec-6] o.s.web.servlet.DispatcherServlet        : Completed 200 OK
2026-04-28T14:00:04.364+05:30 DEBUG 6992 --- [lifeline-backend] [nio-8080-exec-8] o.s.web.servlet.DispatcherServlet        : GET "/api/activity/recent", parameters={}
2026-04-28T14:00:04.366+05:30 DEBUG 6992 --- [lifeline-backend] [nio-8080-exec-8] s.w.s.m.m.a.RequestMappingHandlerMapping : Mapped to com.lifeline.controller.ActivityController#getRecentActivity()
2026-04-28T14:00:04.366+05:30 DEBUG 6992 --- [lifeline-backend] [nio-8080-exec-3] o.s.web.servlet.DispatcherServlet        : GET "/api/inventory", parameters={}
2026-04-28T14:00:04.367+05:30 DEBUG 6992 --- [lifeline-backend] [nio-8080-exec-3] s.w.s.m.m.a.RequestMappingHandlerMapping : Mapped to com.lifeline.controller.InventoryController#getAllStock()
2026-04-28T14:00:04.376+05:30 DEBUG 6992 --- [lifeline-backend] [nio-8080-exec-8] org.hibernate.SQL                        : select al1_0.id,al1_0.activity_type,al1_0.description,al1_0.timestamp from activity_log al1_0 order by al1_0.timestamp desc limit ?
Hibernate: select al1_0.id,al1_0.activity_type,al1_0.description,al1_0.timestamp from activity_log al1_0 order by al1_0.timestamp desc limit ?
2026-04-28T14:00:04.378+05:30 DEBUG 6992 --- [lifeline-backend] [nio-8080-exec-3] org.hibernate.SQL                        : select i1_0.id,i1_0.blood_type,i1_0.collected_at,i1_0.donor_name,i1_0.donor_user_id,i1_0.expiry_date,i1_0.quantity,i1_0.safety_flag,i1_0.source_appointment_id,i1_0.status,i1_0.test_status from inventory i1_0
Hibernate: select i1_0.id,i1_0.blood_type,i1_0.collected_at,i1_0.donor_name,i1_0.donor_user_id,i1_0.expiry_date,i1_0.quantity,i1_0.safety_flag,i1_0.source_appointment_id,i1_0.status,i1_0.test_status from inventory i1_0
2026-04-28T14:00:04.390+05:30 DEBUG 6992 --- [lifeline-backend] [nio-8080-exec-8] o.s.w.s.m.m.a.HttpEntityMethodProcessor  : Using 'application/json', given [application/json, text/plain, */*] and supported [application/json, application/*+json]
2026-04-28T14:00:04.392+05:30 DEBUG 6992 --- [lifeline-backend] [nio-8080-exec-8] o.s.w.s.m.m.a.HttpEntityMethodProcessor  : Writing [[ActivityLog(id=19, description=Emergency Alert: 1 units of A+ needed at Colombo National Hospital ( (truncated)...]
2026-04-28T14:00:04.396+05:30 DEBUG 6992 --- [lifeline-backend] [nio-8080-exec-3] o.s.w.s.m.m.a.HttpEntityMethodProcessor  : Using 'application/json', given [application/json, text/plain, */*] and supported [application/json, application/*+json]
2026-04-28T14:00:04.401+05:30 DEBUG 6992 --- [lifeline-backend] [nio-8080-exec-3] o.s.w.s.m.m.a.HttpEntityMethodProcessor  : Writing [[Inventory(id=1, bloodType=O+, quantity=30, expiryDate=2026-05-28, status=AVAILABLE, safetyFlag=SAFE (truncated)...]
2026-04-28T14:00:04.447+05:30 DEBUG 6992 --- [lifeline-backend] [nio-8080-exec-3] o.s.web.servlet.DispatcherServlet        : Completed 200 OK
2026-04-28T14:00:04.449+05:30 DEBUG 6992 --- [lifeline-backend] [nio-8080-exec-8] o.s.web.servlet.DispatcherServlet        : Completed 200 OK
2026-04-28T14:00:04.449+05:30 DEBUG 6992 --- [lifeline-backend] [nio-8080-exec-9] o.s.web.servlet.DispatcherServlet        : GET "/api/inventory", parameters={}
2026-04-28T14:00:04.450+05:30 DEBUG 6992 --- [lifeline-backend] [nio-8080-exec-9] s.w.s.m.m.a.RequestMappingHandlerMapping : Mapped to com.lifeline.controller.InventoryController#getAllStock()
2026-04-28T14:00:04.451+05:30 DEBUG 6992 --- [lifeline-backend] [io-8080-exec-10] o.s.web.servlet.DispatcherServlet        : GET "/api/activity/recent", parameters={}
2026-04-28T14:00:04.452+05:30 DEBUG 6992 --- [lifeline-backend] [io-8080-exec-10] s.w.s.m.m.a.RequestMappingHandlerMapping : Mapped to com.lifeline.controller.ActivityController#getRecentActivity()
2026-04-28T14:00:04.456+05:30 DEBUG 6992 --- [lifeline-backend] [io-8080-exec-10] org.hibernate.SQL                        : select al1_0.id,al1_0.activity_type,al1_0.description,al1_0.timestamp from activity_log al1_0 order by al1_0.timestamp desc limit ?
Hibernate: select al1_0.id,al1_0.activity_type,al1_0.description,al1_0.timestamp from activity_log al1_0 order by al1_0.timestamp desc limit ?
2026-04-28T14:00:04.457+05:30 DEBUG 6992 --- [lifeline-backend] [nio-8080-exec-9] org.hibernate.SQL                        : select i1_0.id,i1_0.blood_type,i1_0.collected_at,i1_0.donor_name,i1_0.donor_user_id,i1_0.expiry_date,i1_0.quantity,i1_0.safety_flag,i1_0.source_appointment_id,i1_0.status,i1_0.test_status from inventory i1_0
Hibernate: select i1_0.id,i1_0.blood_type,i1_0.collected_at,i1_0.donor_name,i1_0.donor_user_id,i1_0.expiry_date,i1_0.quantity,i1_0.safety_flag,i1_0.source_appointment_id,i1_0.status,i1_0.test_status from inventory i1_0
2026-04-28T14:00:04.462+05:30 DEBUG 6992 --- [lifeline-backend] [io-8080-exec-10] o.s.w.s.m.m.a.HttpEntityMethodProcessor  : Using 'application/json', given [application/json, text/plain, */*] and supported [application/json, application/*+json]
2026-04-28T14:00:04.463+05:30 DEBUG 6992 --- [lifeline-backend] [io-8080-exec-10] o.s.w.s.m.m.a.HttpEntityMethodProcessor  : Writing [[ActivityLog(id=19, description=Emergency Alert: 1 units of A+ needed at Colombo National Hospital ( (truncated)...]
2026-04-28T14:00:04.466+05:30 DEBUG 6992 --- [lifeline-backend] [io-8080-exec-10] o.s.web.servlet.DispatcherServlet        : Completed 200 OK
2026-04-28T14:00:04.471+05:30 DEBUG 6992 --- [lifeline-backend] [nio-8080-exec-9] o.s.w.s.m.m.a.HttpEntityMethodProcessor  : Using 'application/json', given [application/json, text/plain, */*] and supported [application/json, application/*+json]
2026-04-28T14:00:04.472+05:30 DEBUG 6992 --- [lifeline-backend] [nio-8080-exec-9] o.s.w.s.m.m.a.HttpEntityMethodProcessor  : Writing [[Inventory(id=1, bloodType=O+, quantity=30, expiryDate=2026-05-28, status=AVAILABLE, safetyFlag=SAFE (truncated)...]
2026-04-28T14:00:04.473+05:30 DEBUG 6992 --- [lifeline-backend] [nio-8080-exec-9] o.s.web.servlet.DispatcherServlet        : Completed 200 OK
2026-04-28T14:00:12.404+05:30 DEBUG 6992 --- [lifeline-backend] [nio-8080-exec-2] o.s.web.servlet.DispatcherServlet        : OPTIONS "/api/chat", parameters={}
2026-04-28T14:00:12.444+05:30 DEBUG 6992 --- [lifeline-backend] [nio-8080-exec-2] s.w.s.m.m.a.RequestMappingHandlerMapping : Mapped to com.lifeline.controller.ChatbotController#chat(ChatRequest)
2026-04-28T14:00:12.451+05:30 DEBUG 6992 --- [lifeline-backend] [nio-8080-exec-2] o.s.web.servlet.DispatcherServlet        : Completed 200 OK
2026-04-28T14:00:12.463+05:30 DEBUG 6992 --- [lifeline-backend] [nio-8080-exec-7] o.s.web.servlet.DispatcherServlet        : POST "/api/chat", parameters={}
2026-04-28T14:00:12.468+05:30 DEBUG 6992 --- [lifeline-backend] [nio-8080-exec-7] s.w.s.m.m.a.RequestMappingHandlerMapping : Mapped to com.lifeline.controller.ChatbotController#chat(ChatRequest)
2026-04-28T14:00:12.560+05:30 DEBUG 6992 --- [lifeline-backend] [nio-8080-exec-7] m.m.a.RequestResponseBodyMethodProcessor : Read "application/json;charset=UTF-8" to [com.lifeline.dto.ChatRequest@234489f8]
2026-04-28T14:00:12.863+05:30 DEBUG 6992 --- [lifeline-backend] [nio-8080-exec-7] o.s.web.client.RestTemplate              : HTTP POST https://api.groq.com/openai/v1/chat/completions
2026-04-28T14:00:12.897+05:30 DEBUG 6992 --- [lifeline-backend] [nio-8080-exec-7] o.s.web.client.RestTemplate              : Accept=[text/plain, application/json, application/*+json, */*]
2026-04-28T14:00:12.902+05:30 DEBUG 6992 --- [lifeline-backend] [nio-8080-exec-7] o.s.web.client.RestTemplate              : Writing [{temperature=0.5, model=llama-3.1-8b-instant, messages=[{content=You are the LifeLine Blood Donation Assistant. You help users understand blood types, donation eligibility (donors must wait 90 days between donations), and how to navigate the system. Keep answers short, friendly, and related to blood donation., role=system}, {content=hay, role=user}]}] as "application/json"
2026-04-28T14:00:17.762+05:30 DEBUG 6992 --- [lifeline-backend] [nio-8080-exec-7] o.s.web.client.RestTemplate              : Response 401 UNAUTHORIZED
2026-04-28T14:00:17.803+05:30 DEBUG 6992 --- [lifeline-backend] [nio-8080-exec-7] o.s.w.s.m.m.a.HttpEntityMethodProcessor  : Using 'application/json', given [*/*] and supported [application/json, application/*+json]
2026-04-28T14:00:17.805+05:30 DEBUG 6992 --- [lifeline-backend] [nio-8080-exec-7] o.s.w.s.m.m.a.HttpEntityMethodProcessor  : Writing [com.lifeline.dto.ChatResponse@58fdc09b]
2026-04-28T14:00:17.808+05:30 DEBUG 6992 --- [lifeline-backend] [nio-8080-exec-7] o.s.web.servlet.DispatcherServlet        : Completed 200 OK
2026-04-28T14:08:11.397+05:30 DEBUG 6992 --- [lifeline-backend] [nio-8080-exec-8] o.s.web.servlet.DispatcherServlet        : GET "/api/inventory", parameters={}
2026-04-28T14:08:11.402+05:30 DEBUG 6992 --- [lifeline-backend] [nio-8080-exec-8] s.w.s.m.m.a.RequestMappingHandlerMapping : Mapped to com.lifeline.controller.InventoryController#getAllStock()
2026-04-28T14:08:11.418+05:30 DEBUG 6992 --- [lifeline-backend] [nio-8080-exec-8] org.hibernate.SQL                        : select i1_0.id,i1_0.blood_type,i1_0.collected_at,i1_0.donor_name,i1_0.donor_user_id,i1_0.expiry_date,i1_0.quantity,i1_0.safety_flag,i1_0.source_appointment_id,i1_0.status,i1_0.test_status from inventory i1_0
Hibernate: select i1_0.id,i1_0.blood_type,i1_0.collected_at,i1_0.donor_name,i1_0.donor_user_id,i1_0.expiry_date,i1_0.quantity,i1_0.safety_flag,i1_0.source_appointment_id,i1_0.status,i1_0.test_status from inventory i1_0
2026-04-28T14:08:11.432+05:30 DEBUG 6992 --- [lifeline-backend] [nio-8080-exec-8] o.s.w.s.m.m.a.HttpEntityMethodProcessor  : Using 'application/json', given [application/json, text/plain, */*] and supported [application/json, application/*+json]
2026-04-28T14:08:11.433+05:30 DEBUG 6992 --- [lifeline-backend] [nio-8080-exec-8] o.s.w.s.m.m.a.HttpEntityMethodProcessor  : Writing [[Inventory(id=1, bloodType=O+, quantity=30, expiryDate=2026-05-28, status=AVAILABLE, safetyFlag=SAFE (truncated)...]
2026-04-28T14:08:11.436+05:30 DEBUG 6992 --- [lifeline-backend] [nio-8080-exec-8] o.s.web.servlet.DispatcherServlet        : Completed 200 OK
2026-04-28T14:08:11.439+05:30 DEBUG 6992 --- [lifeline-backend] [io-8080-exec-10] o.s.web.servlet.DispatcherServlet        : GET "/api/inventory", parameters={}
2026-04-28T14:08:11.440+05:30 DEBUG 6992 --- [lifeline-backend] [io-8080-exec-10] s.w.s.m.m.a.RequestMappingHandlerMapping : Mapped to com.lifeline.controller.InventoryController#getAllStock()
2026-04-28T14:08:11.446+05:30 DEBUG 6992 --- [lifeline-backend] [io-8080-exec-10] org.hibernate.SQL                        : select i1_0.id,i1_0.blood_type,i1_0.collected_at,i1_0.donor_name,i1_0.donor_user_id,i1_0.expiry_date,i1_0.quantity,i1_0.safety_flag,i1_0.source_appointment_id,i1_0.status,i1_0.test_status from inventory i1_0
Hibernate: select i1_0.id,i1_0.blood_type,i1_0.collected_at,i1_0.donor_name,i1_0.donor_user_id,i1_0.expiry_date,i1_0.quantity,i1_0.safety_flag,i1_0.source_appointment_id,i1_0.status,i1_0.test_status from inventory i1_0
2026-04-28T14:08:11.476+05:30 DEBUG 6992 --- [lifeline-backend] [io-8080-exec-10] o.s.w.s.m.m.a.HttpEntityMethodProcessor  : Using 'application/json', given [application/json, text/plain, */*] and supported [application/json, application/*+json]
2026-04-28T14:08:11.477+05:30 DEBUG 6992 --- [lifeline-backend] [io-8080-exec-10] o.s.w.s.m.m.a.HttpEntityMethodProcessor  : Writing [[Inventory(id=1, bloodType=O+, quantity=30, expiryDate=2026-05-28, status=AVAILABLE, safetyFlag=SAFE (truncated)...]
2026-04-28T14:08:11.479+05:30 DEBUG 6992 --- [lifeline-backend] [io-8080-exec-10] o.s.web.servlet.DispatcherServlet        : Completed 200 OK
2026-04-28T14:08:42.802+05:30 DEBUG 6992 --- [lifeline-backend] [nio-8080-exec-7] o.s.web.servlet.DispatcherServlet        : GET "/api/inventory/20/lab-results", parameters={}
2026-04-28T14:08:42.845+05:30 DEBUG 6992 --- [lifeline-backend] [nio-8080-exec-7] s.w.s.m.m.a.RequestMappingHandlerMapping : Mapped to com.lifeline.controller.InventoryController#getLabResultsForBag(Long)
2026-04-28T14:08:42.907+05:30 DEBUG 6992 --- [lifeline-backend] [nio-8080-exec-7] org.hibernate.SQL                        : select count(*) from inventory i1_0 where i1_0.id=?
Hibernate: select count(*) from inventory i1_0 where i1_0.id=?
2026-04-28T14:08:42.943+05:30 DEBUG 6992 --- [lifeline-backend] [nio-8080-exec-7] org.hibernate.SQL                        : select ltr1_0.id,ltr1_0.hep_positive,ltr1_0.hiv_positive,ltr1_0.inventory_id,ltr1_0.malaria_positive,ltr1_0.overall_result,ltr1_0.reason,ltr1_0.tested_at from lab_test_results ltr1_0 join inventory i1_0 on i1_0.id=ltr1_0.inventory_id where i1_0.id=? order by ltr1_0.tested_at desc
Hibernate: select ltr1_0.id,ltr1_0.hep_positive,ltr1_0.hiv_positive,ltr1_0.inventory_id,ltr1_0.malaria_positive,ltr1_0.overall_result,ltr1_0.reason,ltr1_0.tested_at from lab_test_results ltr1_0 join inventory i1_0 on i1_0.id=ltr1_0.inventory_id where i1_0.id=? order by ltr1_0.tested_at desc
2026-04-28T14:08:43.007+05:30 DEBUG 6992 --- [lifeline-backend] [nio-8080-exec-7] o.s.w.s.m.m.a.HttpEntityMethodProcessor  : Using 'application/json', given [application/json, text/plain, */*] and supported [application/json, application/*+json]
2026-04-28T14:08:43.009+05:30 DEBUG 6992 --- [lifeline-backend] [nio-8080-exec-7] o.s.w.s.m.m.a.HttpEntityMethodProcessor  : Writing [[]]
2026-04-28T14:08:43.020+05:30 DEBUG 6992 --- [lifeline-backend] [nio-8080-exec-7] o.s.web.servlet.DispatcherServlet        : Completed 200 OK
2026-04-28T14:10:01.180+05:30 DEBUG 6992 --- [lifeline-backend] [nio-8080-exec-1] o.s.web.servlet.DispatcherServlet        : GET "/api/auth/me", parameters={}
2026-04-28T14:10:01.182+05:30 DEBUG 6992 --- [lifeline-backend] [nio-8080-exec-1] s.w.s.m.m.a.RequestMappingHandlerMapping : Mapped to com.lifeline.controller.AuthController#me(HttpSession)
2026-04-28T14:10:01.185+05:30 DEBUG 6992 --- [lifeline-backend] [nio-8080-exec-1] o.s.w.s.m.m.a.HttpEntityMethodProcessor  : Using 'application/json', given [application/json, text/plain, */*] and supported [application/json, application/*+json]
2026-04-28T14:10:01.195+05:30 DEBUG 6992 --- [lifeline-backend] [nio-8080-exec-1] o.s.w.s.m.m.a.HttpEntityMethodProcessor  : Writing [{phoneNumber=0710000001, nicNo=900000000V, role=ADMIN, userId=1, name=Admin Staff}]
2026-04-28T14:10:01.199+05:30 DEBUG 6992 --- [lifeline-backend] [nio-8080-exec-1] o.s.web.servlet.DispatcherServlet        : Completed 200 OK
2026-04-28T14:10:01.203+05:30 DEBUG 6992 --- [lifeline-backend] [nio-8080-exec-5] o.s.web.servlet.DispatcherServlet        : GET "/api/auth/me", parameters={}
2026-04-28T14:10:01.210+05:30 DEBUG 6992 --- [lifeline-backend] [nio-8080-exec-5] s.w.s.m.m.a.RequestMappingHandlerMapping : Mapped to com.lifeline.controller.AuthController#me(HttpSession)
2026-04-28T14:10:01.213+05:30 DEBUG 6992 --- [lifeline-backend] [nio-8080-exec-5] o.s.w.s.m.m.a.HttpEntityMethodProcessor  : Using 'application/json', given [application/json, text/plain, */*] and supported [application/json, application/*+json]
2026-04-28T14:10:01.219+05:30 DEBUG 6992 --- [lifeline-backend] [nio-8080-exec-5] o.s.w.s.m.m.a.HttpEntityMethodProcessor  : Writing [{phoneNumber=0710000001, nicNo=900000000V, role=ADMIN, userId=1, name=Admin Staff}]
2026-04-28T14:10:01.221+05:30 DEBUG 6992 --- [lifeline-backend] [nio-8080-exec-5] o.s.web.servlet.DispatcherServlet        : Completed 200 OK
2026-04-28T14:10:01.286+05:30 DEBUG 6992 --- [lifeline-backend] [nio-8080-exec-6] o.s.web.servlet.DispatcherServlet        : GET "/api/inventory", parameters={}
2026-04-28T14:10:01.290+05:30 DEBUG 6992 --- [lifeline-backend] [nio-8080-exec-6] s.w.s.m.m.a.RequestMappingHandlerMapping : Mapped to com.lifeline.controller.InventoryController#getAllStock()
2026-04-28T14:10:01.306+05:30 DEBUG 6992 --- [lifeline-backend] [nio-8080-exec-6] org.hibernate.SQL                        : select i1_0.id,i1_0.blood_type,i1_0.collected_at,i1_0.donor_name,i1_0.donor_user_id,i1_0.expiry_date,i1_0.quantity,i1_0.safety_flag,i1_0.source_appointment_id,i1_0.status,i1_0.test_status from inventory i1_0
Hibernate: select i1_0.id,i1_0.blood_type,i1_0.collected_at,i1_0.donor_name,i1_0.donor_user_id,i1_0.expiry_date,i1_0.quantity,i1_0.safety_flag,i1_0.source_appointment_id,i1_0.status,i1_0.test_status from inventory i1_0
2026-04-28T14:10:01.373+05:30 DEBUG 6992 --- [lifeline-backend] [nio-8080-exec-6] o.s.w.s.m.m.a.HttpEntityMethodProcessor  : Using 'application/json', given [application/json, text/plain, */*] and supported [application/json, application/*+json]
2026-04-28T14:10:01.375+05:30 DEBUG 6992 --- [lifeline-backend] [nio-8080-exec-6] o.s.w.s.m.m.a.HttpEntityMethodProcessor  : Writing [[Inventory(id=1, bloodType=O+, quantity=30, expiryDate=2026-05-28, status=AVAILABLE, safetyFlag=SAFE (truncated)...]
2026-04-28T14:10:01.383+05:30 DEBUG 6992 --- [lifeline-backend] [nio-8080-exec-3] o.s.web.servlet.DispatcherServlet        : GET "/api/inventory", parameters={}
2026-04-28T14:10:01.385+05:30 DEBUG 6992 --- [lifeline-backend] [nio-8080-exec-3] s.w.s.m.m.a.RequestMappingHandlerMapping : Mapped to com.lifeline.controller.InventoryController#getAllStock()
2026-04-28T14:10:01.390+05:30 DEBUG 6992 --- [lifeline-backend] [nio-8080-exec-6] o.s.web.servlet.DispatcherServlet        : Completed 200 OK
2026-04-28T14:10:01.421+05:30 DEBUG 6992 --- [lifeline-backend] [nio-8080-exec-3] org.hibernate.SQL                        : select i1_0.id,i1_0.blood_type,i1_0.collected_at,i1_0.donor_name,i1_0.donor_user_id,i1_0.expiry_date,i1_0.quantity,i1_0.safety_flag,i1_0.source_appointment_id,i1_0.status,i1_0.test_status from inventory i1_0
Hibernate: select i1_0.id,i1_0.blood_type,i1_0.collected_at,i1_0.donor_name,i1_0.donor_user_id,i1_0.expiry_date,i1_0.quantity,i1_0.safety_flag,i1_0.source_appointment_id,i1_0.status,i1_0.test_status from inventory i1_0
2026-04-28T14:10:01.460+05:30 DEBUG 6992 --- [lifeline-backend] [nio-8080-exec-3] o.s.w.s.m.m.a.HttpEntityMethodProcessor  : Using 'application/json', given [application/json, text/plain, */*] and supported [application/json, application/*+json]
2026-04-28T14:10:01.462+05:30 DEBUG 6992 --- [lifeline-backend] [nio-8080-exec-3] o.s.w.s.m.m.a.HttpEntityMethodProcessor  : Writing [[Inventory(id=1, bloodType=O+, quantity=30, expiryDate=2026-05-28, status=AVAILABLE, safetyFlag=SAFE (truncated)...]
2026-04-28T14:10:01.467+05:30 DEBUG 6992 --- [lifeline-backend] [nio-8080-exec-3] o.s.web.servlet.DispatcherServlet        : Completed 200 OK
2026-04-28T14:10:16.543+05:30 DEBUG 6992 --- [lifeline-backend] [nio-8080-exec-7] o.s.web.servlet.DispatcherServlet        : OPTIONS "/api/inventory/20/test", parameters={}
2026-04-28T14:10:16.585+05:30 DEBUG 6992 --- [lifeline-backend] [nio-8080-exec-7] s.w.s.m.m.a.RequestMappingHandlerMapping : Mapped to com.lifeline.controller.InventoryController#updateLabResults(Long, Map)
2026-04-28T14:10:16.588+05:30 DEBUG 6992 --- [lifeline-backend] [nio-8080-exec-7] o.s.web.servlet.DispatcherServlet        : Completed 200 OK
2026-04-28T14:10:16.595+05:30 DEBUG 6992 --- [lifeline-backend] [nio-8080-exec-4] o.s.web.servlet.DispatcherServlet        : PUT "/api/inventory/20/test", parameters={}
2026-04-28T14:10:16.598+05:30 DEBUG 6992 --- [lifeline-backend] [nio-8080-exec-4] s.w.s.m.m.a.RequestMappingHandlerMapping : Mapped to com.lifeline.controller.InventoryController#updateLabResults(Long, Map)
2026-04-28T14:10:16.630+05:30 DEBUG 6992 --- [lifeline-backend] [nio-8080-exec-4] m.m.a.RequestResponseBodyMethodProcessor : Read "application/json;charset=UTF-8" to [{hiv=false, hep=false, malaria=false, reason=}]
2026-04-28T14:10:16.650+05:30 DEBUG 6992 --- [lifeline-backend] [nio-8080-exec-4] org.hibernate.SQL                        : select i1_0.id,i1_0.blood_type,i1_0.collected_at,i1_0.donor_name,i1_0.donor_user_id,i1_0.expiry_date,i1_0.quantity,i1_0.safety_flag,i1_0.source_appointment_id,i1_0.status,i1_0.test_status from inventory i1_0 where i1_0.id=?
Hibernate: select i1_0.id,i1_0.blood_type,i1_0.collected_at,i1_0.donor_name,i1_0.donor_user_id,i1_0.expiry_date,i1_0.quantity,i1_0.safety_flag,i1_0.source_appointment_id,i1_0.status,i1_0.test_status from inventory i1_0 where i1_0.id=?
2026-04-28T14:10:16.710+05:30 DEBUG 6992 --- [lifeline-backend] [nio-8080-exec-4] org.hibernate.SQL                        : update inventory set blood_type=?,collected_at=?,donor_name=?,donor_user_id=?,expiry_date=?,quantity=?,safety_flag=?,source_appointment_id=?,status=?,test_status=? where id=?
Hibernate: update inventory set blood_type=?,collected_at=?,donor_name=?,donor_user_id=?,expiry_date=?,quantity=?,safety_flag=?,source_appointment_id=?,status=?,test_status=? where id=?
2026-04-28T14:10:16.770+05:30 DEBUG 6992 --- [lifeline-backend] [nio-8080-exec-4] org.hibernate.SQL                        : insert into lab_test_results (hep_positive,hiv_positive,inventory_id,malaria_positive,overall_result,reason,tested_at) values (?,?,?,?,?,?,?)
Hibernate: insert into lab_test_results (hep_positive,hiv_positive,inventory_id,malaria_positive,overall_result,reason,tested_at) values (?,?,?,?,?,?,?)
2026-04-28T14:10:16.830+05:30 DEBUG 6992 --- [lifeline-backend] [nio-8080-exec-4] o.s.w.s.m.m.a.HttpEntityMethodProcessor  : Using 'application/json', given [application/json, text/plain, */*] and supported [application/json, application/*+json]
2026-04-28T14:10:16.832+05:30 DEBUG 6992 --- [lifeline-backend] [nio-8080-exec-4] o.s.w.s.m.m.a.HttpEntityMethodProcessor  : Nothing to write: null body
2026-04-28T14:10:16.834+05:30 DEBUG 6992 --- [lifeline-backend] [nio-8080-exec-4] o.s.web.servlet.DispatcherServlet        : Completed 200 OK
2026-04-28T14:10:16.845+05:30 DEBUG 6992 --- [lifeline-backend] [nio-8080-exec-1] o.s.web.servlet.DispatcherServlet        : GET "/api/inventory", parameters={}
2026-04-28T14:10:16.846+05:30 DEBUG 6992 --- [lifeline-backend] [nio-8080-exec-5] o.s.web.servlet.DispatcherServlet        : GET "/api/inventory/20/lab-results", parameters={}
2026-04-28T14:10:16.847+05:30 DEBUG 6992 --- [lifeline-backend] [nio-8080-exec-1] s.w.s.m.m.a.RequestMappingHandlerMapping : Mapped to com.lifeline.controller.InventoryController#getAllStock()
2026-04-28T14:10:16.848+05:30 DEBUG 6992 --- [lifeline-backend] [nio-8080-exec-5] s.w.s.m.m.a.RequestMappingHandlerMapping : Mapped to com.lifeline.controller.InventoryController#getLabResultsForBag(Long)
2026-04-28T14:10:16.855+05:30 DEBUG 6992 --- [lifeline-backend] [nio-8080-exec-1] org.hibernate.SQL                        : select i1_0.id,i1_0.blood_type,i1_0.collected_at,i1_0.donor_name,i1_0.donor_user_id,i1_0.expiry_date,i1_0.quantity,i1_0.safety_flag,i1_0.source_appointment_id,i1_0.status,i1_0.test_status from inventory i1_0
2026-04-28T14:10:16.857+05:30 DEBUG 6992 --- [lifeline-backend] [nio-8080-exec-5] org.hibernate.SQL                        : select count(*) from inventory i1_0 where i1_0.id=?
Hibernate: select count(*) from inventory i1_0 where i1_0.id=?
Hibernate: select i1_0.id,i1_0.blood_type,i1_0.collected_at,i1_0.donor_name,i1_0.donor_user_id,i1_0.expiry_date,i1_0.quantity,i1_0.safety_flag,i1_0.source_appointment_id,i1_0.status,i1_0.test_status from inventory i1_0
2026-04-28T14:10:16.871+05:30 DEBUG 6992 --- [lifeline-backend] [nio-8080-exec-5] org.hibernate.SQL                        : select ltr1_0.id,ltr1_0.hep_positive,ltr1_0.hiv_positive,ltr1_0.inventory_id,ltr1_0.malaria_positive,ltr1_0.overall_result,ltr1_0.reason,ltr1_0.tested_at from lab_test_results ltr1_0 join inventory i1_0 on i1_0.id=ltr1_0.inventory_id where i1_0.id=? order by ltr1_0.tested_at desc
Hibernate: select ltr1_0.id,ltr1_0.hep_positive,ltr1_0.hiv_positive,ltr1_0.inventory_id,ltr1_0.malaria_positive,ltr1_0.overall_result,ltr1_0.reason,ltr1_0.tested_at from lab_test_results ltr1_0 join inventory i1_0 on i1_0.id=ltr1_0.inventory_id where i1_0.id=? order by ltr1_0.tested_at desc
2026-04-28T14:10:16.882+05:30 DEBUG 6992 --- [lifeline-backend] [nio-8080-exec-1] o.s.w.s.m.m.a.HttpEntityMethodProcessor  : Using 'application/json', given [application/json, text/plain, */*] and supported [application/json, application/*+json]
2026-04-28T14:10:16.885+05:30 DEBUG 6992 --- [lifeline-backend] [nio-8080-exec-1] o.s.w.s.m.m.a.HttpEntityMethodProcessor  : Writing [[Inventory(id=1, bloodType=O+, quantity=30, expiryDate=2026-05-28, status=AVAILABLE, safetyFlag=SAFE (truncated)...]
2026-04-28T14:10:16.894+05:30 DEBUG 6992 --- [lifeline-backend] [nio-8080-exec-1] o.s.web.servlet.DispatcherServlet        : Completed 200 OK
2026-04-28T14:10:16.896+05:30 DEBUG 6992 --- [lifeline-backend] [nio-8080-exec-5] o.s.w.s.m.m.a.HttpEntityMethodProcessor  : Using 'application/json', given [application/json, text/plain, */*] and supported [application/json, application/*+json]
2026-04-28T14:10:16.897+05:30 DEBUG 6992 --- [lifeline-backend] [nio-8080-exec-5] o.s.w.s.m.m.a.HttpEntityMethodProcessor  : Writing [[{reason=, hepPositive=false, malariaPositive=false, inventoryId=20, testedAt=2026-04-28T14:10:16.74 (truncated)...]
2026-04-28T14:10:16.901+05:30 DEBUG 6992 --- [lifeline-backend] [nio-8080-exec-5] o.s.web.servlet.DispatcherServlet        : Completed 200 OK
2026-04-28T14:11:06.794+05:30 DEBUG 6992 --- [lifeline-backend] [nio-8080-exec-6] o.s.web.servlet.DispatcherServlet        : OPTIONS "/api/inventory/11/test", parameters={}
2026-04-28T14:11:06.836+05:30 DEBUG 6992 --- [lifeline-backend] [nio-8080-exec-6] s.w.s.m.m.a.RequestMappingHandlerMapping : Mapped to com.lifeline.controller.InventoryController#updateLabResults(Long, Map)
2026-04-28T14:11:06.842+05:30 DEBUG 6992 --- [lifeline-backend] [nio-8080-exec-6] o.s.web.servlet.DispatcherServlet        : Completed 200 OK
2026-04-28T14:11:06.852+05:30 DEBUG 6992 --- [lifeline-backend] [nio-8080-exec-3] o.s.web.servlet.DispatcherServlet        : PUT "/api/inventory/11/test", parameters={}
2026-04-28T14:11:06.857+05:30 DEBUG 6992 --- [lifeline-backend] [nio-8080-exec-3] s.w.s.m.m.a.RequestMappingHandlerMapping : Mapped to com.lifeline.controller.InventoryController#updateLabResults(Long, Map)
2026-04-28T14:11:06.864+05:30 DEBUG 6992 --- [lifeline-backend] [nio-8080-exec-3] m.m.a.RequestResponseBodyMethodProcessor : Read "application/json;charset=UTF-8" to [{hiv=true, hep=false, malaria=false, reason=HIV Positiv}]
2026-04-28T14:11:06.876+05:30 DEBUG 6992 --- [lifeline-backend] [nio-8080-exec-3] org.hibernate.SQL                        : select i1_0.id,i1_0.blood_type,i1_0.collected_at,i1_0.donor_name,i1_0.donor_user_id,i1_0.expiry_date,i1_0.quantity,i1_0.safety_flag,i1_0.source_appointment_id,i1_0.status,i1_0.test_status from inventory i1_0 where i1_0.id=?
Hibernate: select i1_0.id,i1_0.blood_type,i1_0.collected_at,i1_0.donor_name,i1_0.donor_user_id,i1_0.expiry_date,i1_0.quantity,i1_0.safety_flag,i1_0.source_appointment_id,i1_0.status,i1_0.test_status from inventory i1_0 where i1_0.id=?
2026-04-28T14:11:06.931+05:30 DEBUG 6992 --- [lifeline-backend] [nio-8080-exec-3] org.hibernate.SQL                        : select d1_0.id,d1_0.blood_type,d1_0.date_of_birth,d1_0.gender,d1_0.last_donation_date,d1_0.positive_reason,d1_0.safety_status,d1_0.user_id,d1_0.weight from donors d1_0 left join users u1_0 on u1_0.id=d1_0.user_id where u1_0.id=?
Hibernate: select d1_0.id,d1_0.blood_type,d1_0.date_of_birth,d1_0.gender,d1_0.last_donation_date,d1_0.positive_reason,d1_0.safety_status,d1_0.user_id,d1_0.weight from donors d1_0 left join users u1_0 on u1_0.id=d1_0.user_id where u1_0.id=?
2026-04-28T14:11:06.945+05:30 DEBUG 6992 --- [lifeline-backend] [nio-8080-exec-3] org.hibernate.SQL                        : select u1_0.id,u1_0.name,u1_0.nic_no,u1_0.password,u1_0.phone_number,u1_0.role from users u1_0 where u1_0.id=?
Hibernate: select u1_0.id,u1_0.name,u1_0.nic_no,u1_0.password,u1_0.phone_number,u1_0.role from users u1_0 where u1_0.id=?
2026-04-28T14:11:06.964+05:30 DEBUG 6992 --- [lifeline-backend] [nio-8080-exec-3] org.hibernate.SQL                        : update inventory set blood_type=?,collected_at=?,donor_name=?,donor_user_id=?,expiry_date=?,quantity=?,safety_flag=?,source_appointment_id=?,status=?,test_status=? where id=?
Hibernate: update inventory set blood_type=?,collected_at=?,donor_name=?,donor_user_id=?,expiry_date=?,quantity=?,safety_flag=?,source_appointment_id=?,status=?,test_status=? where id=?
2026-04-28T14:11:06.974+05:30 DEBUG 6992 --- [lifeline-backend] [nio-8080-exec-3] org.hibernate.SQL                        : update donors set blood_type=?,date_of_birth=?,gender=?,last_donation_date=?,positive_reason=?,safety_status=?,user_id=?,weight=? where id=?
Hibernate: update donors set blood_type=?,date_of_birth=?,gender=?,last_donation_date=?,positive_reason=?,safety_status=?,user_id=?,weight=? where id=?
2026-04-28T14:11:07.009+05:30 DEBUG 6992 --- [lifeline-backend] [nio-8080-exec-3] org.hibernate.SQL                        : insert into lab_test_results (hep_positive,hiv_positive,inventory_id,malaria_positive,overall_result,reason,tested_at) values (?,?,?,?,?,?,?)
Hibernate: insert into lab_test_results (hep_positive,hiv_positive,inventory_id,malaria_positive,overall_result,reason,tested_at) values (?,?,?,?,?,?,?)
2026-04-28T14:11:07.025+05:30 DEBUG 6992 --- [lifeline-backend] [nio-8080-exec-3] o.s.w.s.m.m.a.HttpEntityMethodProcessor  : Using 'application/json', given [application/json, text/plain, */*] and supported [application/json, application/*+json]
2026-04-28T14:11:07.026+05:30 DEBUG 6992 --- [lifeline-backend] [nio-8080-exec-3] o.s.w.s.m.m.a.HttpEntityMethodProcessor  : Nothing to write: null body
2026-04-28T14:11:07.027+05:30 DEBUG 6992 --- [lifeline-backend] [nio-8080-exec-3] o.s.web.servlet.DispatcherServlet        : Completed 200 OK
2026-04-28T14:11:07.033+05:30 DEBUG 6992 --- [lifeline-backend] [nio-8080-exec-9] o.s.web.servlet.DispatcherServlet        : GET "/api/inventory", parameters={}
2026-04-28T14:11:07.033+05:30 DEBUG 6992 --- [lifeline-backend] [nio-8080-exec-2] o.s.web.servlet.DispatcherServlet        : GET "/api/inventory/11/lab-results", parameters={}
2026-04-28T14:11:07.035+05:30 DEBUG 6992 --- [lifeline-backend] [nio-8080-exec-9] s.w.s.m.m.a.RequestMappingHandlerMapping : Mapped to com.lifeline.controller.InventoryController#getAllStock()
2026-04-28T14:11:07.036+05:30 DEBUG 6992 --- [lifeline-backend] [nio-8080-exec-2] s.w.s.m.m.a.RequestMappingHandlerMapping : Mapped to com.lifeline.controller.InventoryController#getLabResultsForBag(Long)
2026-04-28T14:11:07.040+05:30 DEBUG 6992 --- [lifeline-backend] [nio-8080-exec-2] org.hibernate.SQL                        : select count(*) from inventory i1_0 where i1_0.id=?
Hibernate: select count(*) from inventory i1_0 where i1_0.id=?
2026-04-28T14:11:07.040+05:30 DEBUG 6992 --- [lifeline-backend] [nio-8080-exec-9] org.hibernate.SQL                        : select i1_0.id,i1_0.blood_type,i1_0.collected_at,i1_0.donor_name,i1_0.donor_user_id,i1_0.expiry_date,i1_0.quantity,i1_0.safety_flag,i1_0.source_appointment_id,i1_0.status,i1_0.test_status from inventory i1_0
Hibernate: select i1_0.id,i1_0.blood_type,i1_0.collected_at,i1_0.donor_name,i1_0.donor_user_id,i1_0.expiry_date,i1_0.quantity,i1_0.safety_flag,i1_0.source_appointment_id,i1_0.status,i1_0.test_status from inventory i1_0
2026-04-28T14:11:07.048+05:30 DEBUG 6992 --- [lifeline-backend] [nio-8080-exec-2] org.hibernate.SQL                        : select ltr1_0.id,ltr1_0.hep_positive,ltr1_0.hiv_positive,ltr1_0.inventory_id,ltr1_0.malaria_positive,ltr1_0.overall_result,ltr1_0.reason,ltr1_0.tested_at from lab_test_results ltr1_0 join inventory i1_0 on i1_0.id=ltr1_0.inventory_id where i1_0.id=? order by ltr1_0.tested_at desc
Hibernate: select ltr1_0.id,ltr1_0.hep_positive,ltr1_0.hiv_positive,ltr1_0.inventory_id,ltr1_0.malaria_positive,ltr1_0.overall_result,ltr1_0.reason,ltr1_0.tested_at from lab_test_results ltr1_0 join inventory i1_0 on i1_0.id=ltr1_0.inventory_id where i1_0.id=? order by ltr1_0.tested_at desc
2026-04-28T14:11:07.050+05:30 DEBUG 6992 --- [lifeline-backend] [nio-8080-exec-9] o.s.w.s.m.m.a.HttpEntityMethodProcessor  : Using 'application/json', given [application/json, text/plain, */*] and supported [application/json, application/*+json]
2026-04-28T14:11:07.051+05:30 DEBUG 6992 --- [lifeline-backend] [nio-8080-exec-9] o.s.w.s.m.m.a.HttpEntityMethodProcessor  : Writing [[Inventory(id=1, bloodType=O+, quantity=30, expiryDate=2026-05-28, status=AVAILABLE, safetyFlag=SAFE (truncated)...]
2026-04-28T14:11:07.052+05:30 DEBUG 6992 --- [lifeline-backend] [nio-8080-exec-2] o.s.w.s.m.m.a.HttpEntityMethodProcessor  : Using 'application/json', given [application/json, text/plain, */*] and supported [application/json, application/*+json]
2026-04-28T14:11:07.053+05:30 DEBUG 6992 --- [lifeline-backend] [nio-8080-exec-9] o.s.web.servlet.DispatcherServlet        : Completed 200 OK
2026-04-28T14:11:07.053+05:30 DEBUG 6992 --- [lifeline-backend] [nio-8080-exec-2] o.s.w.s.m.m.a.HttpEntityMethodProcessor  : Writing [[{reason=HIV Positiv, hepPositive=false, malariaPositive=false, inventoryId=11, testedAt=2026-04-28T (truncated)...]
2026-04-28T14:11:07.055+05:30 DEBUG 6992 --- [lifeline-backend] [nio-8080-exec-2] o.s.web.servlet.DispatcherServlet        : Completed 200 OK
2026-04-28T14:11:24.006+05:30 DEBUG 6992 --- [lifeline-backend] [io-8080-exec-10] o.s.web.servlet.DispatcherServlet        : GET "/api/inventory", parameters={}
2026-04-28T14:11:24.048+05:30 DEBUG 6992 --- [lifeline-backend] [io-8080-exec-10] s.w.s.m.m.a.RequestMappingHandlerMapping : Mapped to com.lifeline.controller.InventoryController#getAllStock()
2026-04-28T14:11:24.063+05:30 DEBUG 6992 --- [lifeline-backend] [io-8080-exec-10] org.hibernate.SQL                        : select i1_0.id,i1_0.blood_type,i1_0.collected_at,i1_0.donor_name,i1_0.donor_user_id,i1_0.expiry_date,i1_0.quantity,i1_0.safety_flag,i1_0.source_appointment_id,i1_0.status,i1_0.test_status from inventory i1_0
Hibernate: select i1_0.id,i1_0.blood_type,i1_0.collected_at,i1_0.donor_name,i1_0.donor_user_id,i1_0.expiry_date,i1_0.quantity,i1_0.safety_flag,i1_0.source_appointment_id,i1_0.status,i1_0.test_status from inventory i1_0
2026-04-28T14:11:24.094+05:30 DEBUG 6992 --- [lifeline-backend] [io-8080-exec-10] o.s.w.s.m.m.a.HttpEntityMethodProcessor  : Using 'application/json', given [application/json, text/plain, */*] and supported [application/json, application/*+json]
2026-04-28T14:11:24.097+05:30 DEBUG 6992 --- [lifeline-backend] [io-8080-exec-10] o.s.w.s.m.m.a.HttpEntityMethodProcessor  : Writing [[Inventory(id=1, bloodType=O+, quantity=30, expiryDate=2026-05-28, status=AVAILABLE, safetyFlag=SAFE (truncated)...]
2026-04-28T14:11:24.104+05:30 DEBUG 6992 --- [lifeline-backend] [io-8080-exec-10] o.s.web.servlet.DispatcherServlet        : Completed 200 OK
2026-04-28T14:11:27.290+05:30 DEBUG 6992 --- [lifeline-backend] [nio-8080-exec-8] o.s.web.servlet.DispatcherServlet        : GET "/api/activity/recent", parameters={}
2026-04-28T14:11:27.290+05:30 DEBUG 6992 --- [lifeline-backend] [nio-8080-exec-7] o.s.web.servlet.DispatcherServlet        : GET "/api/inventory", parameters={}
2026-04-28T14:11:27.291+05:30 DEBUG 6992 --- [lifeline-backend] [nio-8080-exec-8] s.w.s.m.m.a.RequestMappingHandlerMapping : Mapped to com.lifeline.controller.ActivityController#getRecentActivity()
2026-04-28T14:11:27.292+05:30 DEBUG 6992 --- [lifeline-backend] [nio-8080-exec-7] s.w.s.m.m.a.RequestMappingHandlerMapping : Mapped to com.lifeline.controller.InventoryController#getAllStock()
2026-04-28T14:11:27.294+05:30 DEBUG 6992 --- [lifeline-backend] [nio-8080-exec-8] org.hibernate.SQL                        : select al1_0.id,al1_0.activity_type,al1_0.description,al1_0.timestamp from activity_log al1_0 order by al1_0.timestamp desc limit ?
Hibernate: select al1_0.id,al1_0.activity_type,al1_0.description,al1_0.timestamp from activity_log al1_0 order by al1_0.timestamp desc limit ?
2026-04-28T14:11:27.298+05:30 DEBUG 6992 --- [lifeline-backend] [nio-8080-exec-7] org.hibernate.SQL                        : select i1_0.id,i1_0.blood_type,i1_0.collected_at,i1_0.donor_name,i1_0.donor_user_id,i1_0.expiry_date,i1_0.quantity,i1_0.safety_flag,i1_0.source_appointment_id,i1_0.status,i1_0.test_status from inventory i1_0
Hibernate: select i1_0.id,i1_0.blood_type,i1_0.collected_at,i1_0.donor_name,i1_0.donor_user_id,i1_0.expiry_date,i1_0.quantity,i1_0.safety_flag,i1_0.source_appointment_id,i1_0.status,i1_0.test_status from inventory i1_0
2026-04-28T14:11:27.307+05:30 DEBUG 6992 --- [lifeline-backend] [nio-8080-exec-8] o.s.w.s.m.m.a.HttpEntityMethodProcessor  : Using 'application/json', given [application/json, text/plain, */*] and supported [application/json, application/*+json]
2026-04-28T14:11:27.309+05:30 DEBUG 6992 --- [lifeline-backend] [nio-8080-exec-8] o.s.w.s.m.m.a.HttpEntityMethodProcessor  : Writing [[ActivityLog(id=19, description=Emergency Alert: 1 units of A+ needed at Colombo National Hospital ( (truncated)...]
2026-04-28T14:11:27.312+05:30 DEBUG 6992 --- [lifeline-backend] [nio-8080-exec-8] o.s.web.servlet.DispatcherServlet        : Completed 200 OK
2026-04-28T14:11:27.315+05:30 DEBUG 6992 --- [lifeline-backend] [nio-8080-exec-4] o.s.web.servlet.DispatcherServlet        : GET "/api/activity/recent", parameters={}
2026-04-28T14:11:27.315+05:30 DEBUG 6992 --- [lifeline-backend] [nio-8080-exec-7] o.s.w.s.m.m.a.HttpEntityMethodProcessor  : Using 'application/json', given [application/json, text/plain, */*] and supported [application/json, application/*+json]
2026-04-28T14:11:27.316+05:30 DEBUG 6992 --- [lifeline-backend] [nio-8080-exec-4] s.w.s.m.m.a.RequestMappingHandlerMapping : Mapped to com.lifeline.controller.ActivityController#getRecentActivity()
2026-04-28T14:11:27.317+05:30 DEBUG 6992 --- [lifeline-backend] [nio-8080-exec-7] o.s.w.s.m.m.a.HttpEntityMethodProcessor  : Writing [[Inventory(id=1, bloodType=O+, quantity=30, expiryDate=2026-05-28, status=AVAILABLE, safetyFlag=SAFE (truncated)...]
2026-04-28T14:11:27.321+05:30 DEBUG 6992 --- [lifeline-backend] [nio-8080-exec-4] org.hibernate.SQL                        : select al1_0.id,al1_0.activity_type,al1_0.description,al1_0.timestamp from activity_log al1_0 order by al1_0.timestamp desc limit ?
Hibernate: select al1_0.id,al1_0.activity_type,al1_0.description,al1_0.timestamp from activity_log al1_0 order by al1_0.timestamp desc limit ?
2026-04-28T14:11:27.321+05:30 DEBUG 6992 --- [lifeline-backend] [nio-8080-exec-7] o.s.web.servlet.DispatcherServlet        : Completed 200 OK
2026-04-28T14:11:27.325+05:30 DEBUG 6992 --- [lifeline-backend] [nio-8080-exec-1] o.s.web.servlet.DispatcherServlet        : GET "/api/inventory", parameters={}
2026-04-28T14:11:27.326+05:30 DEBUG 6992 --- [lifeline-backend] [nio-8080-exec-1] s.w.s.m.m.a.RequestMappingHandlerMapping : Mapped to com.lifeline.controller.InventoryController#getAllStock()
2026-04-28T14:11:27.327+05:30 DEBUG 6992 --- [lifeline-backend] [nio-8080-exec-4] o.s.w.s.m.m.a.HttpEntityMethodProcessor  : Using 'application/json', given [application/json, text/plain, */*] and supported [application/json, application/*+json]
2026-04-28T14:11:27.328+05:30 DEBUG 6992 --- [lifeline-backend] [nio-8080-exec-4] o.s.w.s.m.m.a.HttpEntityMethodProcessor  : Writing [[ActivityLog(id=19, description=Emergency Alert: 1 units of A+ needed at Colombo National Hospital ( (truncated)...]
2026-04-28T14:11:27.330+05:30 DEBUG 6992 --- [lifeline-backend] [nio-8080-exec-4] o.s.web.servlet.DispatcherServlet        : Completed 200 OK
2026-04-28T14:11:27.330+05:30 DEBUG 6992 --- [lifeline-backend] [nio-8080-exec-1] org.hibernate.SQL                        : select i1_0.id,i1_0.blood_type,i1_0.collected_at,i1_0.donor_name,i1_0.donor_user_id,i1_0.expiry_date,i1_0.quantity,i1_0.safety_flag,i1_0.source_appointment_id,i1_0.status,i1_0.test_status from inventory i1_0
Hibernate: select i1_0.id,i1_0.blood_type,i1_0.collected_at,i1_0.donor_name,i1_0.donor_user_id,i1_0.expiry_date,i1_0.quantity,i1_0.safety_flag,i1_0.source_appointment_id,i1_0.status,i1_0.test_status from inventory i1_0
2026-04-28T14:11:27.341+05:30 DEBUG 6992 --- [lifeline-backend] [nio-8080-exec-1] o.s.w.s.m.m.a.HttpEntityMethodProcessor  : Using 'application/json', given [application/json, text/plain, */*] and supported [application/json, application/*+json]
2026-04-28T14:11:27.343+05:30 DEBUG 6992 --- [lifeline-backend] [nio-8080-exec-1] o.s.w.s.m.m.a.HttpEntityMethodProcessor  : Writing [[Inventory(id=1, bloodType=O+, quantity=30, expiryDate=2026-05-28, status=AVAILABLE, safetyFlag=SAFE (truncated)...]
2026-04-28T14:11:27.344+05:30 DEBUG 6992 --- [lifeline-backend] [nio-8080-exec-1] o.s.web.servlet.DispatcherServlet        : Completed 200 OK
2026-04-28T15:13:28.375+05:30  WARN 6992 --- [lifeline-backend] [l-1 housekeeper] com.zaxxer.hikari.pool.HikariPool        : HikariPool-1 - Thread starvation or clock leap detected (housekeeper delta=1h1m58s239ms267µs700ns).
2026-04-28T15:13:34.604+05:30 DEBUG 6992 --- [lifeline-backend] [nio-8080-exec-9] o.s.web.servlet.DispatcherServlet        : GET "/api/auth/me", parameters={}
2026-04-28T15:13:34.605+05:30 DEBUG 6992 --- [lifeline-backend] [nio-8080-exec-9] s.w.s.m.m.a.RequestMappingHandlerMapping : Mapped to com.lifeline.controller.AuthController#me(HttpSession)
2026-04-28T15:13:34.606+05:30 DEBUG 6992 --- [lifeline-backend] [nio-8080-exec-9] o.s.w.s.m.m.a.HttpEntityMethodProcessor  : Using 'application/json', given [application/json, text/plain, */*] and supported [application/json, application/*+json]
2026-04-28T15:13:34.607+05:30 DEBUG 6992 --- [lifeline-backend] [nio-8080-exec-9] o.s.w.s.m.m.a.HttpEntityMethodProcessor  : Writing [{message=Not authenticated}]
2026-04-28T15:13:34.608+05:30 DEBUG 6992 --- [lifeline-backend] [nio-8080-exec-9] o.s.web.servlet.DispatcherServlet        : Completed 401 UNAUTHORIZED
2026-04-28T15:13:34.610+05:30 DEBUG 6992 --- [lifeline-backend] [nio-8080-exec-2] o.s.web.servlet.DispatcherServlet        : GET "/api/auth/me", parameters={}
2026-04-28T15:13:34.610+05:30 DEBUG 6992 --- [lifeline-backend] [nio-8080-exec-2] s.w.s.m.m.a.RequestMappingHandlerMapping : Mapped to com.lifeline.controller.AuthController#me(HttpSession)
2026-04-28T15:13:34.611+05:30 DEBUG 6992 --- [lifeline-backend] [nio-8080-exec-2] o.s.w.s.m.m.a.HttpEntityMethodProcessor  : Using 'application/json', given [application/json, text/plain, */*] and supported [application/json, application/*+json]
2026-04-28T15:13:34.612+05:30 DEBUG 6992 --- [lifeline-backend] [nio-8080-exec-2] o.s.w.s.m.m.a.HttpEntityMethodProcessor  : Writing [{message=Not authenticated}]
2026-04-28T15:13:34.613+05:30 DEBUG 6992 --- [lifeline-backend] [nio-8080-exec-2] o.s.web.servlet.DispatcherServlet        : Completed 401 UNAUTHORIZED
2026-04-28T15:13:45.466+05:30 DEBUG 6992 --- [lifeline-backend] [io-8080-exec-10] o.s.web.servlet.DispatcherServlet        : OPTIONS "/api/auth/login", parameters={}
2026-04-28T15:13:45.505+05:30 DEBUG 6992 --- [lifeline-backend] [io-8080-exec-10] s.w.s.m.m.a.RequestMappingHandlerMapping : Mapped to com.lifeline.controller.AuthController#login(Map, HttpSession)
2026-04-28T15:13:45.506+05:30 DEBUG 6992 --- [lifeline-backend] [io-8080-exec-10] o.s.web.servlet.DispatcherServlet        : Completed 200 OK
2026-04-28T15:13:45.509+05:30 DEBUG 6992 --- [lifeline-backend] [nio-8080-exec-8] o.s.web.servlet.DispatcherServlet        : POST "/api/auth/login", parameters={}
2026-04-28T15:13:45.510+05:30 DEBUG 6992 --- [lifeline-backend] [nio-8080-exec-8] s.w.s.m.m.a.RequestMappingHandlerMapping : Mapped to com.lifeline.controller.AuthController#login(Map, HttpSession)
2026-04-28T15:13:45.512+05:30 DEBUG 6992 --- [lifeline-backend] [nio-8080-exec-8] m.m.a.RequestResponseBodyMethodProcessor : Read "application/json;charset=UTF-8" to [{nicNo=900000000V, password=admin123}]
2026-04-28T15:13:45.514+05:30 DEBUG 6992 --- [lifeline-backend] [nio-8080-exec-8] org.hibernate.SQL                        : select u1_0.id,u1_0.name,u1_0.nic_no,u1_0.password,u1_0.phone_number,u1_0.role from users u1_0 where u1_0.nic_no=?
Hibernate: select u1_0.id,u1_0.name,u1_0.nic_no,u1_0.password,u1_0.phone_number,u1_0.role from users u1_0 where u1_0.nic_no=?
2026-04-28T15:13:45.518+05:30 DEBUG 6992 --- [lifeline-backend] [nio-8080-exec-8] o.s.w.s.m.m.a.HttpEntityMethodProcessor  : Using 'application/json', given [application/json, text/plain, */*] and supported [application/json, application/*+json]
2026-04-28T15:13:45.519+05:30 DEBUG 6992 --- [lifeline-backend] [nio-8080-exec-8] o.s.w.s.m.m.a.HttpEntityMethodProcessor  : Writing [{phoneNumber=0710000001, nicNo=900000000V, role=ADMIN, userId=1, name=Admin Staff}]
2026-04-28T15:13:45.520+05:30 DEBUG 6992 --- [lifeline-backend] [nio-8080-exec-8] o.s.web.servlet.DispatcherServlet        : Completed 200 OK
2026-04-28T15:13:45.540+05:30 DEBUG 6992 --- [lifeline-backend] [nio-8080-exec-7] o.s.web.servlet.DispatcherServlet        : GET "/api/activity/recent", parameters={}
2026-04-28T15:13:45.541+05:30 DEBUG 6992 --- [lifeline-backend] [nio-8080-exec-7] s.w.s.m.m.a.RequestMappingHandlerMapping : Mapped to com.lifeline.controller.ActivityController#getRecentActivity()
2026-04-28T15:13:45.542+05:30 DEBUG 6992 --- [lifeline-backend] [nio-8080-exec-4] o.s.web.servlet.DispatcherServlet        : GET "/api/inventory", parameters={}
2026-04-28T15:13:45.542+05:30 DEBUG 6992 --- [lifeline-backend] [nio-8080-exec-4] s.w.s.m.m.a.RequestMappingHandlerMapping : Mapped to com.lifeline.controller.InventoryController#getAllStock()
2026-04-28T15:13:45.543+05:30 DEBUG 6992 --- [lifeline-backend] [nio-8080-exec-7] org.hibernate.SQL                        : select al1_0.id,al1_0.activity_type,al1_0.description,al1_0.timestamp from activity_log al1_0 order by al1_0.timestamp desc limit ?
Hibernate: select al1_0.id,al1_0.activity_type,al1_0.description,al1_0.timestamp from activity_log al1_0 order by al1_0.timestamp desc limit ?
2026-04-28T15:13:45.547+05:30 DEBUG 6992 --- [lifeline-backend] [nio-8080-exec-4] org.hibernate.SQL                        : select i1_0.id,i1_0.blood_type,i1_0.collected_at,i1_0.donor_name,i1_0.donor_user_id,i1_0.expiry_date,i1_0.quantity,i1_0.safety_flag,i1_0.source_appointment_id,i1_0.status,i1_0.test_status from inventory i1_0
Hibernate: select i1_0.id,i1_0.blood_type,i1_0.collected_at,i1_0.donor_name,i1_0.donor_user_id,i1_0.expiry_date,i1_0.quantity,i1_0.safety_flag,i1_0.source_appointment_id,i1_0.status,i1_0.test_status from inventory i1_0
2026-04-28T15:13:45.548+05:30 DEBUG 6992 --- [lifeline-backend] [nio-8080-exec-7] o.s.w.s.m.m.a.HttpEntityMethodProcessor  : Using 'application/json', given [application/json, text/plain, */*] and supported [application/json, application/*+json]
2026-04-28T15:13:45.549+05:30 DEBUG 6992 --- [lifeline-backend] [nio-8080-exec-7] o.s.w.s.m.m.a.HttpEntityMethodProcessor  : Writing [[ActivityLog(id=19, description=Emergency Alert: 1 units of A+ needed at Colombo National Hospital ( (truncated)...]
2026-04-28T15:13:45.551+05:30 DEBUG 6992 --- [lifeline-backend] [nio-8080-exec-7] o.s.web.servlet.DispatcherServlet        : Completed 200 OK
2026-04-28T15:13:45.553+05:30 DEBUG 6992 --- [lifeline-backend] [nio-8080-exec-1] o.s.web.servlet.DispatcherServlet        : GET "/api/activity/recent", parameters={}
2026-04-28T15:13:45.554+05:30 DEBUG 6992 --- [lifeline-backend] [nio-8080-exec-4] o.s.w.s.m.m.a.HttpEntityMethodProcessor  : Using 'application/json', given [application/json, text/plain, */*] and supported [application/json, application/*+json]
2026-04-28T15:13:45.554+05:30 DEBUG 6992 --- [lifeline-backend] [nio-8080-exec-1] s.w.s.m.m.a.RequestMappingHandlerMapping : Mapped to com.lifeline.controller.ActivityController#getRecentActivity()
2026-04-28T15:13:45.555+05:30 DEBUG 6992 --- [lifeline-backend] [nio-8080-exec-4] o.s.w.s.m.m.a.HttpEntityMethodProcessor  : Writing [[Inventory(id=1, bloodType=O+, quantity=30, expiryDate=2026-05-28, status=AVAILABLE, safetyFlag=SAFE (truncated)...]
2026-04-28T15:13:45.556+05:30 DEBUG 6992 --- [lifeline-backend] [nio-8080-exec-1] org.hibernate.SQL                        : select al1_0.id,al1_0.activity_type,al1_0.description,al1_0.timestamp from activity_log al1_0 order by al1_0.timestamp desc limit ?
Hibernate: select al1_0.id,al1_0.activity_type,al1_0.description,al1_0.timestamp from activity_log al1_0 order by al1_0.timestamp desc limit ?
2026-04-28T15:13:45.558+05:30 DEBUG 6992 --- [lifeline-backend] [nio-8080-exec-4] o.s.web.servlet.DispatcherServlet        : Completed 200 OK
2026-04-28T15:13:45.558+05:30 DEBUG 6992 --- [lifeline-backend] [nio-8080-exec-3] o.s.web.servlet.DispatcherServlet        : GET "/api/inventory", parameters={}
2026-04-28T15:13:45.560+05:30 DEBUG 6992 --- [lifeline-backend] [nio-8080-exec-3] s.w.s.m.m.a.RequestMappingHandlerMapping : Mapped to com.lifeline.controller.InventoryController#getAllStock()
2026-04-28T15:13:45.561+05:30 DEBUG 6992 --- [lifeline-backend] [nio-8080-exec-1] o.s.w.s.m.m.a.HttpEntityMethodProcessor  : Using 'application/json', given [application/json, text/plain, */*] and supported [application/json, application/*+json]
2026-04-28T15:13:45.562+05:30 DEBUG 6992 --- [lifeline-backend] [nio-8080-exec-1] o.s.w.s.m.m.a.HttpEntityMethodProcessor  : Writing [[ActivityLog(id=19, description=Emergency Alert: 1 units of A+ needed at Colombo National Hospital ( (truncated)...]
2026-04-28T15:13:45.563+05:30 DEBUG 6992 --- [lifeline-backend] [nio-8080-exec-3] org.hibernate.SQL                        : select i1_0.id,i1_0.blood_type,i1_0.collected_at,i1_0.donor_name,i1_0.donor_user_id,i1_0.expiry_date,i1_0.quantity,i1_0.safety_flag,i1_0.source_appointment_id,i1_0.status,i1_0.test_status from inventory i1_0
Hibernate: select i1_0.id,i1_0.blood_type,i1_0.collected_at,i1_0.donor_name,i1_0.donor_user_id,i1_0.expiry_date,i1_0.quantity,i1_0.safety_flag,i1_0.source_appointment_id,i1_0.status,i1_0.test_status from inventory i1_0
2026-04-28T15:13:45.563+05:30 DEBUG 6992 --- [lifeline-backend] [nio-8080-exec-1] o.s.web.servlet.DispatcherServlet        : Completed 200 OK
2026-04-28T15:13:45.567+05:30 DEBUG 6992 --- [lifeline-backend] [nio-8080-exec-3] o.s.w.s.m.m.a.HttpEntityMethodProcessor  : Using 'application/json', given [application/json, text/plain, */*] and supported [application/json, application/*+json]
2026-04-28T15:13:45.568+05:30 DEBUG 6992 --- [lifeline-backend] [nio-8080-exec-3] o.s.w.s.m.m.a.HttpEntityMethodProcessor  : Writing [[Inventory(id=1, bloodType=O+, quantity=30, expiryDate=2026-05-28, status=AVAILABLE, safetyFlag=SAFE (truncated)...]
2026-04-28T15:13:45.570+05:30 DEBUG 6992 --- [lifeline-backend] [nio-8080-exec-3] o.s.web.servlet.DispatcherServlet        : Completed 200 OK
2026-04-28T15:13:47.989+05:30 DEBUG 6992 --- [lifeline-backend] [nio-8080-exec-5] o.s.web.servlet.DispatcherServlet        : GET "/api/inventory", parameters={}
2026-04-28T15:13:48.026+05:30 DEBUG 6992 --- [lifeline-backend] [nio-8080-exec-5] s.w.s.m.m.a.RequestMappingHandlerMapping : Mapped to com.lifeline.controller.InventoryController#getAllStock()
2026-04-28T15:13:48.029+05:30 DEBUG 6992 --- [lifeline-backend] [nio-8080-exec-6] o.s.web.servlet.DispatcherServlet        : GET "/api/emergency/requests/all", parameters={}
2026-04-28T15:13:48.030+05:30 DEBUG 6992 --- [lifeline-backend] [nio-8080-exec-9] o.s.web.servlet.DispatcherServlet        : GET "/api/hospital-requests", parameters={}
2026-04-28T15:13:48.030+05:30 DEBUG 6992 --- [lifeline-backend] [nio-8080-exec-6] s.w.s.m.m.a.RequestMappingHandlerMapping : Mapped to com.lifeline.controller.EmergencyController#getAllRequests(String, Long)
2026-04-28T15:13:48.030+05:30 DEBUG 6992 --- [lifeline-backend] [nio-8080-exec-9] s.w.s.m.m.a.RequestMappingHandlerMapping : Mapped to com.lifeline.controller.HospitalRequestController#listRequests(Long, String)
2026-04-28T15:13:48.030+05:30 DEBUG 6992 --- [lifeline-backend] [nio-8080-exec-5] org.hibernate.SQL                        : select i1_0.id,i1_0.blood_type,i1_0.collected_at,i1_0.donor_name,i1_0.donor_user_id,i1_0.expiry_date,i1_0.quantity,i1_0.safety_flag,i1_0.source_appointment_id,i1_0.status,i1_0.test_status from inventory i1_0
Hibernate: select i1_0.id,i1_0.blood_type,i1_0.collected_at,i1_0.donor_name,i1_0.donor_user_id,i1_0.expiry_date,i1_0.quantity,i1_0.safety_flag,i1_0.source_appointment_id,i1_0.status,i1_0.test_status from inventory i1_0
2026-04-28T15:13:48.036+05:30 DEBUG 6992 --- [lifeline-backend] [nio-8080-exec-5] o.s.w.s.m.m.a.HttpEntityMethodProcessor  : Using 'application/json', given [application/json, text/plain, */*] and supported [application/json, application/*+json]
2026-04-28T15:13:48.037+05:30 DEBUG 6992 --- [lifeline-backend] [nio-8080-exec-5] o.s.w.s.m.m.a.HttpEntityMethodProcessor  : Writing [[Inventory(id=1, bloodType=O+, quantity=30, expiryDate=2026-05-28, status=AVAILABLE, safetyFlag=SAFE (truncated)...]
2026-04-28T15:13:48.039+05:30 DEBUG 6992 --- [lifeline-backend] [nio-8080-exec-5] o.s.web.servlet.DispatcherServlet        : Completed 200 OK
2026-04-28T15:13:48.039+05:30 DEBUG 6992 --- [lifeline-backend] [nio-8080-exec-6] org.hibernate.SQL                        : select er1_0.id,er1_0.admin_notes,er1_0.blood_type,er1_0.created_at,er1_0.hospital,er1_0.hospital_user_id,er1_0.priority,er1_0.reason,er1_0.status,er1_0.units_fulfilled,er1_0.units_requested,er1_0.updated_at,er1_0.urgency from emergency_requests er1_0 order by er1_0.created_at desc
Hibernate: select er1_0.id,er1_0.admin_notes,er1_0.blood_type,er1_0.created_at,er1_0.hospital,er1_0.hospital_user_id,er1_0.priority,er1_0.reason,er1_0.status,er1_0.units_fulfilled,er1_0.units_requested,er1_0.updated_at,er1_0.urgency from emergency_requests er1_0 order by er1_0.created_at desc
2026-04-28T15:13:48.041+05:30 DEBUG 6992 --- [lifeline-backend] [nio-8080-exec-2] o.s.web.servlet.DispatcherServlet        : GET "/api/inventory", parameters={}
2026-04-28T15:13:48.042+05:30 DEBUG 6992 --- [lifeline-backend] [nio-8080-exec-2] s.w.s.m.m.a.RequestMappingHandlerMapping : Mapped to com.lifeline.controller.InventoryController#getAllStock()
2026-04-28T15:13:48.047+05:30 DEBUG 6992 --- [lifeline-backend] [nio-8080-exec-2] org.hibernate.SQL                        : select i1_0.id,i1_0.blood_type,i1_0.collected_at,i1_0.donor_name,i1_0.donor_user_id,i1_0.expiry_date,i1_0.quantity,i1_0.safety_flag,i1_0.source_appointment_id,i1_0.status,i1_0.test_status from inventory i1_0
Hibernate: select i1_0.id,i1_0.blood_type,i1_0.collected_at,i1_0.donor_name,i1_0.donor_user_id,i1_0.expiry_date,i1_0.quantity,i1_0.safety_flag,i1_0.source_appointment_id,i1_0.status,i1_0.test_status from inventory i1_0
2026-04-28T15:13:48.048+05:30 DEBUG 6992 --- [lifeline-backend] [nio-8080-exec-6] o.s.w.s.m.m.a.HttpEntityMethodProcessor  : Using 'application/json', given [application/json, text/plain, */*] and supported [application/json, application/*+json]
2026-04-28T15:13:48.056+05:30 DEBUG 6992 --- [lifeline-backend] [nio-8080-exec-2] o.s.w.s.m.m.a.HttpEntityMethodProcessor  : Using 'application/json', given [application/json, text/plain, */*] and supported [application/json, application/*+json]
2026-04-28T15:13:48.056+05:30 DEBUG 6992 --- [lifeline-backend] [nio-8080-exec-9] org.hibernate.SQL                        : select hbr1_0.id,hbr1_0.admin_notes,hbr1_0.blood_type,hbr1_0.created_at,hbr1_0.hospital_name,hbr1_0.hospital_user_id,hbr1_0.priority,hbr1_0.reason,hbr1_0.status,hbr1_0.units_issued,hbr1_0.units_requested,hbr1_0.updated_at from hospital_blood_requests hbr1_0 order by hbr1_0.created_at desc
2026-04-28T15:13:48.057+05:30 DEBUG 6992 --- [lifeline-backend] [nio-8080-exec-2] o.s.w.s.m.m.a.HttpEntityMethodProcessor  : Writing [[Inventory(id=1, bloodType=O+, quantity=30, expiryDate=2026-05-28, status=AVAILABLE, safetyFlag=SAFE (truncated)...]
Hibernate: select hbr1_0.id,hbr1_0.admin_notes,hbr1_0.blood_type,hbr1_0.created_at,hbr1_0.hospital_name,hbr1_0.hospital_user_id,hbr1_0.priority,hbr1_0.reason,hbr1_0.status,hbr1_0.units_issued,hbr1_0.units_requested,hbr1_0.updated_at from hospital_blood_requests hbr1_0 order by hbr1_0.created_at desc
2026-04-28T15:13:48.059+05:30 DEBUG 6992 --- [lifeline-backend] [nio-8080-exec-2] o.s.web.servlet.DispatcherServlet        : Completed 200 OK
2026-04-28T15:13:48.062+05:30 DEBUG 6992 --- [lifeline-backend] [nio-8080-exec-9] o.s.w.s.m.m.a.HttpEntityMethodProcessor  : Using 'application/json', given [application/json, text/plain, */*] and supported [application/json, application/*+json]
2026-04-28T15:13:48.062+05:30 DEBUG 6992 --- [lifeline-backend] [nio-8080-exec-9] o.s.w.s.m.m.a.HttpEntityMethodProcessor  : Writing [[]]
2026-04-28T15:13:48.062+05:30 DEBUG 6992 --- [lifeline-backend] [nio-8080-exec-6] o.s.w.s.m.m.a.HttpEntityMethodProcessor  : Writing [[EmergencyRequest(id=17, bloodType=A+, unitsRequested=1, unitsFulfilled=0, hospital=Colombo National (truncated)...]
2026-04-28T15:13:48.063+05:30 DEBUG 6992 --- [lifeline-backend] [nio-8080-exec-9] o.s.web.servlet.DispatcherServlet        : Completed 200 OK
2026-04-28T15:13:48.066+05:30 DEBUG 6992 --- [lifeline-backend] [io-8080-exec-10] o.s.web.servlet.DispatcherServlet        : GET "/api/hospital-requests", parameters={}
2026-04-28T15:13:48.067+05:30 DEBUG 6992 --- [lifeline-backend] [io-8080-exec-10] s.w.s.m.m.a.RequestMappingHandlerMapping : Mapped to com.lifeline.controller.HospitalRequestController#listRequests(Long, String)
2026-04-28T15:13:48.067+05:30 DEBUG 6992 --- [lifeline-backend] [nio-8080-exec-6] o.s.web.servlet.DispatcherServlet        : Completed 200 OK
2026-04-28T15:13:48.069+05:30 DEBUG 6992 --- [lifeline-backend] [nio-8080-exec-8] o.s.web.servlet.DispatcherServlet        : GET "/api/emergency/requests/all", parameters={}
2026-04-28T15:13:48.069+05:30 DEBUG 6992 --- [lifeline-backend] [io-8080-exec-10] org.hibernate.SQL                        : select hbr1_0.id,hbr1_0.admin_notes,hbr1_0.blood_type,hbr1_0.created_at,hbr1_0.hospital_name,hbr1_0.hospital_user_id,hbr1_0.priority,hbr1_0.reason,hbr1_0.status,hbr1_0.units_issued,hbr1_0.units_requested,hbr1_0.updated_at from hospital_blood_requests hbr1_0 order by hbr1_0.created_at desc
2026-04-28T15:13:48.070+05:30 DEBUG 6992 --- [lifeline-backend] [nio-8080-exec-8] s.w.s.m.m.a.RequestMappingHandlerMapping : Mapped to com.lifeline.controller.EmergencyController#getAllRequests(String, Long)
Hibernate: select hbr1_0.id,hbr1_0.admin_notes,hbr1_0.blood_type,hbr1_0.created_at,hbr1_0.hospital_name,hbr1_0.hospital_user_id,hbr1_0.priority,hbr1_0.reason,hbr1_0.status,hbr1_0.units_issued,hbr1_0.units_requested,hbr1_0.updated_at from hospital_blood_requests hbr1_0 order by hbr1_0.created_at desc
2026-04-28T15:13:48.072+05:30 DEBUG 6992 --- [lifeline-backend] [nio-8080-exec-8] org.hibernate.SQL                        : select er1_0.id,er1_0.admin_notes,er1_0.blood_type,er1_0.created_at,er1_0.hospital,er1_0.hospital_user_id,er1_0.priority,er1_0.reason,er1_0.status,er1_0.units_fulfilled,er1_0.units_requested,er1_0.updated_at,er1_0.urgency from emergency_requests er1_0 order by er1_0.created_at desc
Hibernate: select er1_0.id,er1_0.admin_notes,er1_0.blood_type,er1_0.created_at,er1_0.hospital,er1_0.hospital_user_id,er1_0.priority,er1_0.reason,er1_0.status,er1_0.units_fulfilled,er1_0.units_requested,er1_0.updated_at,er1_0.urgency from emergency_requests er1_0 order by er1_0.created_at desc
2026-04-28T15:13:48.073+05:30 DEBUG 6992 --- [lifeline-backend] [io-8080-exec-10] o.s.w.s.m.m.a.HttpEntityMethodProcessor  : Using 'application/json', given [application/json, text/plain, */*] and supported [application/json, application/*+json]
2026-04-28T15:13:48.073+05:30 DEBUG 6992 --- [lifeline-backend] [io-8080-exec-10] o.s.w.s.m.m.a.HttpEntityMethodProcessor  : Writing [[]]
2026-04-28T15:13:48.075+05:30 DEBUG 6992 --- [lifeline-backend] [io-8080-exec-10] o.s.web.servlet.DispatcherServlet        : Completed 200 OK
2026-04-28T15:13:48.077+05:30 DEBUG 6992 --- [lifeline-backend] [nio-8080-exec-8] o.s.w.s.m.m.a.HttpEntityMethodProcessor  : Using 'application/json', given [application/json, text/plain, */*] and supported [application/json, application/*+json]
2026-04-28T15:13:48.077+05:30 DEBUG 6992 --- [lifeline-backend] [nio-8080-exec-8] o.s.w.s.m.m.a.HttpEntityMethodProcessor  : Writing [[EmergencyRequest(id=17, bloodType=A+, unitsRequested=1, unitsFulfilled=0, hospital=Colombo National (truncated)...]
2026-04-28T15:13:48.079+05:30 DEBUG 6992 --- [lifeline-backend] [nio-8080-exec-8] o.s.web.servlet.DispatcherServlet        : Completed 200 OK
2026-04-28T15:14:52.490+05:30 DEBUG 6992 --- [lifeline-backend] [nio-8080-exec-2] o.s.web.servlet.DispatcherServlet        : GET "/api/activity/recent", parameters={}
2026-04-28T15:14:52.490+05:30 DEBUG 6992 --- [lifeline-backend] [nio-8080-exec-9] o.s.web.servlet.DispatcherServlet        : GET "/api/inventory", parameters={}
2026-04-28T15:14:52.526+05:30 DEBUG 6992 --- [lifeline-backend] [nio-8080-exec-2] s.w.s.m.m.a.RequestMappingHandlerMapping : Mapped to com.lifeline.controller.ActivityController#getRecentActivity()
2026-04-28T15:14:52.530+05:30 DEBUG 6992 --- [lifeline-backend] [nio-8080-exec-9] s.w.s.m.m.a.RequestMappingHandlerMapping : Mapped to com.lifeline.controller.InventoryController#getAllStock()
2026-04-28T15:14:52.533+05:30 DEBUG 6992 --- [lifeline-backend] [nio-8080-exec-2] org.hibernate.SQL                        : select al1_0.id,al1_0.activity_type,al1_0.description,al1_0.timestamp from activity_log al1_0 order by al1_0.timestamp desc limit ?
Hibernate: select al1_0.id,al1_0.activity_type,al1_0.description,al1_0.timestamp from activity_log al1_0 order by al1_0.timestamp desc limit ?
2026-04-28T15:14:52.534+05:30 DEBUG 6992 --- [lifeline-backend] [nio-8080-exec-9] org.hibernate.SQL                        : select i1_0.id,i1_0.blood_type,i1_0.collected_at,i1_0.donor_name,i1_0.donor_user_id,i1_0.expiry_date,i1_0.quantity,i1_0.safety_flag,i1_0.source_appointment_id,i1_0.status,i1_0.test_status from inventory i1_0
Hibernate: select i1_0.id,i1_0.blood_type,i1_0.collected_at,i1_0.donor_name,i1_0.donor_user_id,i1_0.expiry_date,i1_0.quantity,i1_0.safety_flag,i1_0.source_appointment_id,i1_0.status,i1_0.test_status from inventory i1_0
2026-04-28T15:14:52.537+05:30 DEBUG 6992 --- [lifeline-backend] [nio-8080-exec-2] o.s.w.s.m.m.a.HttpEntityMethodProcessor  : Using 'application/json', given [application/json, text/plain, */*] and supported [application/json, application/*+json]
2026-04-28T15:14:52.538+05:30 DEBUG 6992 --- [lifeline-backend] [nio-8080-exec-2] o.s.w.s.m.m.a.HttpEntityMethodProcessor  : Writing [[ActivityLog(id=19, description=Emergency Alert: 1 units of A+ needed at Colombo National Hospital ( (truncated)...]
2026-04-28T15:14:52.540+05:30 DEBUG 6992 --- [lifeline-backend] [nio-8080-exec-2] o.s.web.servlet.DispatcherServlet        : Completed 200 OK
2026-04-28T15:14:52.540+05:30 DEBUG 6992 --- [lifeline-backend] [nio-8080-exec-9] o.s.w.s.m.m.a.HttpEntityMethodProcessor  : Using 'application/json', given [application/json, text/plain, */*] and supported [application/json, application/*+json]
2026-04-28T15:14:52.541+05:30 DEBUG 6992 --- [lifeline-backend] [nio-8080-exec-9] o.s.w.s.m.m.a.HttpEntityMethodProcessor  : Writing [[Inventory(id=1, bloodType=O+, quantity=30, expiryDate=2026-05-28, status=AVAILABLE, safetyFlag=SAFE (truncated)...]
2026-04-28T15:14:52.541+05:30 DEBUG 6992 --- [lifeline-backend] [nio-8080-exec-6] o.s.web.servlet.DispatcherServlet        : GET "/api/activity/recent", parameters={}
2026-04-28T15:14:52.542+05:30 DEBUG 6992 --- [lifeline-backend] [nio-8080-exec-6] s.w.s.m.m.a.RequestMappingHandlerMapping : Mapped to com.lifeline.controller.ActivityController#getRecentActivity()
2026-04-28T15:14:52.543+05:30 DEBUG 6992 --- [lifeline-backend] [nio-8080-exec-9] o.s.web.servlet.DispatcherServlet        : Completed 200 OK
2026-04-28T15:14:52.544+05:30 DEBUG 6992 --- [lifeline-backend] [nio-8080-exec-6] org.hibernate.SQL                        : select al1_0.id,al1_0.activity_type,al1_0.description,al1_0.timestamp from activity_log al1_0 order by al1_0.timestamp desc limit ?
Hibernate: select al1_0.id,al1_0.activity_type,al1_0.description,al1_0.timestamp from activity_log al1_0 order by al1_0.timestamp desc limit ?
2026-04-28T15:14:52.545+05:30 DEBUG 6992 --- [lifeline-backend] [io-8080-exec-10] o.s.web.servlet.DispatcherServlet        : GET "/api/inventory", parameters={}
2026-04-28T15:14:52.546+05:30 DEBUG 6992 --- [lifeline-backend] [io-8080-exec-10] s.w.s.m.m.a.RequestMappingHandlerMapping : Mapped to com.lifeline.controller.InventoryController#getAllStock()
2026-04-28T15:14:52.549+05:30 DEBUG 6992 --- [lifeline-backend] [nio-8080-exec-6] o.s.w.s.m.m.a.HttpEntityMethodProcessor  : Using 'application/json', given [application/json, text/plain, */*] and supported [application/json, application/*+json]
2026-04-28T15:14:52.550+05:30 DEBUG 6992 --- [lifeline-backend] [nio-8080-exec-6] o.s.w.s.m.m.a.HttpEntityMethodProcessor  : Writing [[ActivityLog(id=19, description=Emergency Alert: 1 units of A+ needed at Colombo National Hospital ( (truncated)...]
2026-04-28T15:14:52.550+05:30 DEBUG 6992 --- [lifeline-backend] [io-8080-exec-10] org.hibernate.SQL                        : select i1_0.id,i1_0.blood_type,i1_0.collected_at,i1_0.donor_name,i1_0.donor_user_id,i1_0.expiry_date,i1_0.quantity,i1_0.safety_flag,i1_0.source_appointment_id,i1_0.status,i1_0.test_status from inventory i1_0
Hibernate: select i1_0.id,i1_0.blood_type,i1_0.collected_at,i1_0.donor_name,i1_0.donor_user_id,i1_0.expiry_date,i1_0.quantity,i1_0.safety_flag,i1_0.source_appointment_id,i1_0.status,i1_0.test_status from inventory i1_0
2026-04-28T15:14:52.551+05:30 DEBUG 6992 --- [lifeline-backend] [nio-8080-exec-6] o.s.web.servlet.DispatcherServlet        : Completed 200 OK
2026-04-28T15:14:52.555+05:30 DEBUG 6992 --- [lifeline-backend] [io-8080-exec-10] o.s.w.s.m.m.a.HttpEntityMethodProcessor  : Using 'application/json', given [application/json, text/plain, */*] and supported [application/json, application/*+json]
2026-04-28T15:14:52.556+05:30 DEBUG 6992 --- [lifeline-backend] [io-8080-exec-10] o.s.w.s.m.m.a.HttpEntityMethodProcessor  : Writing [[Inventory(id=1, bloodType=O+, quantity=30, expiryDate=2026-05-28, status=AVAILABLE, safetyFlag=SAFE (truncated)...]
2026-04-28T15:14:52.557+05:30 DEBUG 6992 --- [lifeline-backend] [io-8080-exec-10] o.s.web.servlet.DispatcherServlet        : Completed 200 OK
2026-04-28T15:14:57.071+05:30 DEBUG 6992 --- [lifeline-backend] [nio-8080-exec-7] o.s.web.servlet.DispatcherServlet        : GET "/api/camps", parameters={}
2026-04-28T15:14:57.073+05:30 DEBUG 6992 --- [lifeline-backend] [nio-8080-exec-7] s.w.s.m.m.a.RequestMappingHandlerMapping : Mapped to com.lifeline.controller.CampController#getCamps()
2026-04-28T15:14:57.074+05:30 DEBUG 6992 --- [lifeline-backend] [nio-8080-exec-8] o.s.web.servlet.DispatcherServlet        : GET "/api/hospitals?province=Western+Province&district=Colombo+District", parameters={masked}
2026-04-28T15:14:57.078+05:30 DEBUG 6992 --- [lifeline-backend] [nio-8080-exec-8] s.w.s.m.m.a.RequestMappingHandlerMapping : Mapped to com.lifeline.controller.HospitalController#getHospitals(String, String)
2026-04-28T15:14:57.084+05:30 DEBUG 6992 --- [lifeline-backend] [nio-8080-exec-7] org.hibernate.SQL                        : select c1_0.id,c1_0.date,c1_0.district,c1_0.end_time,c1_0.google_map_link,c1_0.interest_count,c1_0.lat,c1_0.lng,c1_0.location,c1_0.name,c1_0.nearest_hospital,c1_0.province,c1_0.start_time from camps c1_0
Hibernate: select c1_0.id,c1_0.date,c1_0.district,c1_0.end_time,c1_0.google_map_link,c1_0.interest_count,c1_0.lat,c1_0.lng,c1_0.location,c1_0.name,c1_0.nearest_hospital,c1_0.province,c1_0.start_time from camps c1_0
2026-04-28T15:14:57.088+05:30 DEBUG 6992 --- [lifeline-backend] [nio-8080-exec-8] org.hibernate.SQL                        : select h1_0.id,h1_0.address,h1_0.contact_number,h1_0.created_at,h1_0.district,h1_0.name,h1_0.province from hospitals h1_0 where h1_0.province=? and h1_0.district=? order by h1_0.name
Hibernate: select h1_0.id,h1_0.address,h1_0.contact_number,h1_0.created_at,h1_0.district,h1_0.name,h1_0.province from hospitals h1_0 where h1_0.province=? and h1_0.district=? order by h1_0.name
2026-04-28T15:14:57.093+05:30 DEBUG 6992 --- [lifeline-backend] [nio-8080-exec-8] o.s.w.s.m.m.a.HttpEntityMethodProcessor  : Using 'application/json', given [application/json, text/plain, */*] and supported [application/json, application/*+json]
2026-04-28T15:14:57.097+05:30 DEBUG 6992 --- [lifeline-backend] [nio-8080-exec-8] o.s.w.s.m.m.a.HttpEntityMethodProcessor  : Writing [[Hospital(id=1, name=Colombo National Hospital, province=Western Province, district=Colombo District (truncated)...]
2026-04-28T15:14:57.099+05:30 DEBUG 6992 --- [lifeline-backend] [nio-8080-exec-7] o.s.w.s.m.m.a.HttpEntityMethodProcessor  : Using 'application/json', given [application/json, text/plain, */*] and supported [application/json, application/*+json]
2026-04-28T15:14:57.100+05:30 DEBUG 6992 --- [lifeline-backend] [nio-8080-exec-7] o.s.w.s.m.m.a.HttpEntityMethodProcessor  : Writing [[{date=2026-04-30, googleMapLink=https://www.google.com/maps/place/Wellawatte,+Colombo+00600/@6.8750 (truncated)...]
2026-04-28T15:14:57.102+05:30 DEBUG 6992 --- [lifeline-backend] [nio-8080-exec-8] o.s.web.servlet.DispatcherServlet        : Completed 200 OK
2026-04-28T15:14:57.102+05:30 DEBUG 6992 --- [lifeline-backend] [nio-8080-exec-7] o.s.web.servlet.DispatcherServlet        : Completed 200 OK
2026-04-28T15:14:57.104+05:30 DEBUG 6992 --- [lifeline-backend] [nio-8080-exec-4] o.s.web.servlet.DispatcherServlet        : GET "/api/hospitals?province=Western+Province&district=Colombo+District", parameters={masked}
2026-04-28T15:14:57.104+05:30 DEBUG 6992 --- [lifeline-backend] [nio-8080-exec-1] o.s.web.servlet.DispatcherServlet        : GET "/api/camps", parameters={}
2026-04-28T15:14:57.105+05:30 DEBUG 6992 --- [lifeline-backend] [nio-8080-exec-4] s.w.s.m.m.a.RequestMappingHandlerMapping : Mapped to com.lifeline.controller.HospitalController#getHospitals(String, String)
2026-04-28T15:14:57.106+05:30 DEBUG 6992 --- [lifeline-backend] [nio-8080-exec-1] s.w.s.m.m.a.RequestMappingHandlerMapping : Mapped to com.lifeline.controller.CampController#getCamps()
2026-04-28T15:14:57.109+05:30 DEBUG 6992 --- [lifeline-backend] [nio-8080-exec-4] org.hibernate.SQL                        : select h1_0.id,h1_0.address,h1_0.contact_number,h1_0.created_at,h1_0.district,h1_0.name,h1_0.province from hospitals h1_0 where h1_0.province=? and h1_0.district=? order by h1_0.name
Hibernate: select h1_0.id,h1_0.address,h1_0.contact_number,h1_0.created_at,h1_0.district,h1_0.name,h1_0.province from hospitals h1_0 where h1_0.province=? and h1_0.district=? order by h1_0.name
2026-04-28T15:14:57.110+05:30 DEBUG 6992 --- [lifeline-backend] [nio-8080-exec-1] org.hibernate.SQL                        : select c1_0.id,c1_0.date,c1_0.district,c1_0.end_time,c1_0.google_map_link,c1_0.interest_count,c1_0.lat,c1_0.lng,c1_0.location,c1_0.name,c1_0.nearest_hospital,c1_0.province,c1_0.start_time from camps c1_0
Hibernate: select c1_0.id,c1_0.date,c1_0.district,c1_0.end_time,c1_0.google_map_link,c1_0.interest_count,c1_0.lat,c1_0.lng,c1_0.location,c1_0.name,c1_0.nearest_hospital,c1_0.province,c1_0.start_time from camps c1_0
2026-04-28T15:14:57.113+05:30 DEBUG 6992 --- [lifeline-backend] [nio-8080-exec-4] o.s.w.s.m.m.a.HttpEntityMethodProcessor  : Using 'application/json', given [application/json, text/plain, */*] and supported [application/json, application/*+json]
2026-04-28T15:14:57.114+05:30 DEBUG 6992 --- [lifeline-backend] [nio-8080-exec-4] o.s.w.s.m.m.a.HttpEntityMethodProcessor  : Writing [[Hospital(id=1, name=Colombo National Hospital, province=Western Province, district=Colombo District (truncated)...]
2026-04-28T15:14:57.116+05:30 DEBUG 6992 --- [lifeline-backend] [nio-8080-exec-4] o.s.web.servlet.DispatcherServlet        : Completed 200 OK
2026-04-28T15:14:57.117+05:30 DEBUG 6992 --- [lifeline-backend] [nio-8080-exec-1] o.s.w.s.m.m.a.HttpEntityMethodProcessor  : Using 'application/json', given [application/json, text/plain, */*] and supported [application/json, application/*+json]
2026-04-28T15:14:57.118+05:30 DEBUG 6992 --- [lifeline-backend] [nio-8080-exec-1] o.s.w.s.m.m.a.HttpEntityMethodProcessor  : Writing [[{date=2026-04-30, googleMapLink=https://www.google.com/maps/place/Wellawatte,+Colombo+00600/@6.8750 (truncated)...]
2026-04-28T15:14:57.119+05:30 DEBUG 6992 --- [lifeline-backend] [nio-8080-exec-1] o.s.web.servlet.DispatcherServlet        : Completed 200 OK
2026-04-28T15:32:09.968+05:30  WARN 6992 --- [lifeline-backend] [l-1 housekeeper] com.zaxxer.hikari.pool.HikariPool        : HikariPool-1 - Thread starvation or clock leap detected (housekeeper delta=3m41s300ms565µs300ns).
2026-04-28T15:32:11.131+05:30 DEBUG 6992 --- [lifeline-backend] [nio-8080-exec-9] o.s.web.servlet.DispatcherServlet        : GET "/api/auth/me", parameters={}
2026-04-28T15:32:11.133+05:30 DEBUG 6992 --- [lifeline-backend] [nio-8080-exec-9] s.w.s.m.m.a.RequestMappingHandlerMapping : Mapped to com.lifeline.controller.AuthController#me(HttpSession)
2026-04-28T15:32:11.134+05:30 DEBUG 6992 --- [lifeline-backend] [nio-8080-exec-9] o.s.w.s.m.m.a.HttpEntityMethodProcessor  : Using 'application/json', given [application/json, text/plain, */*] and supported [application/json, application/*+json]
2026-04-28T15:32:11.135+05:30 DEBUG 6992 --- [lifeline-backend] [nio-8080-exec-9] o.s.w.s.m.m.a.HttpEntityMethodProcessor  : Writing [{phoneNumber=0710000001, nicNo=900000000V, role=ADMIN, userId=1, name=Admin Staff}]
2026-04-28T15:32:11.137+05:30 DEBUG 6992 --- [lifeline-backend] [nio-8080-exec-9] o.s.web.servlet.DispatcherServlet        : Completed 200 OK
2026-04-28T15:32:11.140+05:30 DEBUG 6992 --- [lifeline-backend] [nio-8080-exec-6] o.s.web.servlet.DispatcherServlet        : GET "/api/auth/me", parameters={}
2026-04-28T15:32:11.141+05:30 DEBUG 6992 --- [lifeline-backend] [nio-8080-exec-6] s.w.s.m.m.a.RequestMappingHandlerMapping : Mapped to com.lifeline.controller.AuthController#me(HttpSession)
2026-04-28T15:32:11.144+05:30 DEBUG 6992 --- [lifeline-backend] [nio-8080-exec-6] o.s.w.s.m.m.a.HttpEntityMethodProcessor  : Using 'application/json', given [application/json, text/plain, */*] and supported [application/json, application/*+json]
2026-04-28T15:32:11.144+05:30 DEBUG 6992 --- [lifeline-backend] [nio-8080-exec-6] o.s.w.s.m.m.a.HttpEntityMethodProcessor  : Writing [{phoneNumber=0710000001, nicNo=900000000V, role=ADMIN, userId=1, name=Admin Staff}]
2026-04-28T15:32:11.146+05:30 DEBUG 6992 --- [lifeline-backend] [nio-8080-exec-6] o.s.web.servlet.DispatcherServlet        : Completed 200 OK
2026-04-28T15:32:11.171+05:30 DEBUG 6992 --- [lifeline-backend] [io-8080-exec-10] o.s.web.servlet.DispatcherServlet        : GET "/api/hospitals?province=Western+Province&district=Colombo+District", parameters={masked}
2026-04-28T15:32:11.172+05:30 DEBUG 6992 --- [lifeline-backend] [io-8080-exec-10] s.w.s.m.m.a.RequestMappingHandlerMapping : Mapped to com.lifeline.controller.HospitalController#getHospitals(String, String)
2026-04-28T15:32:11.173+05:30 DEBUG 6992 --- [lifeline-backend] [nio-8080-exec-8] o.s.web.servlet.DispatcherServlet        : GET "/api/camps", parameters={}
2026-04-28T15:32:11.174+05:30 DEBUG 6992 --- [lifeline-backend] [nio-8080-exec-8] s.w.s.m.m.a.RequestMappingHandlerMapping : Mapped to com.lifeline.controller.CampController#getCamps()
2026-04-28T15:32:11.176+05:30 DEBUG 6992 --- [lifeline-backend] [io-8080-exec-10] org.hibernate.SQL                        : select h1_0.id,h1_0.address,h1_0.contact_number,h1_0.created_at,h1_0.district,h1_0.name,h1_0.province from hospitals h1_0 where h1_0.province=? and h1_0.district=? order by h1_0.name
2026-04-28T15:32:11.178+05:30 DEBUG 6992 --- [lifeline-backend] [nio-8080-exec-8] org.hibernate.SQL                        : select c1_0.id,c1_0.date,c1_0.district,c1_0.end_time,c1_0.google_map_link,c1_0.interest_count,c1_0.lat,c1_0.lng,c1_0.location,c1_0.name,c1_0.nearest_hospital,c1_0.province,c1_0.start_time from camps c1_0
Hibernate: select h1_0.id,h1_0.address,h1_0.contact_number,h1_0.created_at,h1_0.district,h1_0.name,h1_0.province from hospitals h1_0 where h1_0.province=? and h1_0.district=? order by h1_0.name
Hibernate: select c1_0.id,c1_0.date,c1_0.district,c1_0.end_time,c1_0.google_map_link,c1_0.interest_count,c1_0.lat,c1_0.lng,c1_0.location,c1_0.name,c1_0.nearest_hospital,c1_0.province,c1_0.start_time from camps c1_0
2026-04-28T15:32:11.185+05:30 DEBUG 6992 --- [lifeline-backend] [io-8080-exec-10] o.s.w.s.m.m.a.HttpEntityMethodProcessor  : Using 'application/json', given [application/json, text/plain, */*] and supported [application/json, application/*+json]
2026-04-28T15:32:11.186+05:30 DEBUG 6992 --- [lifeline-backend] [io-8080-exec-10] o.s.w.s.m.m.a.HttpEntityMethodProcessor  : Writing [[Hospital(id=1, name=Colombo National Hospital, province=Western Province, district=Colombo District (truncated)...]
2026-04-28T15:32:11.187+05:30 DEBUG 6992 --- [lifeline-backend] [nio-8080-exec-8] o.s.w.s.m.m.a.HttpEntityMethodProcessor  : Using 'application/json', given [application/json, text/plain, */*] and supported [application/json, application/*+json]
2026-04-28T15:32:11.188+05:30 DEBUG 6992 --- [lifeline-backend] [nio-8080-exec-8] o.s.w.s.m.m.a.HttpEntityMethodProcessor  : Writing [[{date=2026-04-30, googleMapLink=https://www.google.com/maps/place/Wellawatte,+Colombo+00600/@6.8750 (truncated)...]
2026-04-28T15:32:11.190+05:30 DEBUG 6992 --- [lifeline-backend] [io-8080-exec-10] o.s.web.servlet.DispatcherServlet        : Completed 200 OK
2026-04-28T15:32:11.191+05:30 DEBUG 6992 --- [lifeline-backend] [nio-8080-exec-8] o.s.web.servlet.DispatcherServlet        : Completed 200 OK
2026-04-28T15:32:11.192+05:30 DEBUG 6992 --- [lifeline-backend] [nio-8080-exec-7] o.s.web.servlet.DispatcherServlet        : GET "/api/hospitals?province=Western+Province&district=Colombo+District", parameters={masked}
2026-04-28T15:32:11.194+05:30 DEBUG 6992 --- [lifeline-backend] [nio-8080-exec-4] o.s.web.servlet.DispatcherServlet        : GET "/api/camps", parameters={}
2026-04-28T15:32:11.195+05:30 DEBUG 6992 --- [lifeline-backend] [nio-8080-exec-7] s.w.s.m.m.a.RequestMappingHandlerMapping : Mapped to com.lifeline.controller.HospitalController#getHospitals(String, String)
2026-04-28T15:32:11.196+05:30 DEBUG 6992 --- [lifeline-backend] [nio-8080-exec-4] s.w.s.m.m.a.RequestMappingHandlerMapping : Mapped to com.lifeline.controller.CampController#getCamps()
2026-04-28T15:32:11.201+05:30 DEBUG 6992 --- [lifeline-backend] [nio-8080-exec-4] org.hibernate.SQL                        : select c1_0.id,c1_0.date,c1_0.district,c1_0.end_time,c1_0.google_map_link,c1_0.interest_count,c1_0.lat,c1_0.lng,c1_0.location,c1_0.name,c1_0.nearest_hospital,c1_0.province,c1_0.start_time from camps c1_0
Hibernate: select c1_0.id,c1_0.date,c1_0.district,c1_0.end_time,c1_0.google_map_link,c1_0.interest_count,c1_0.lat,c1_0.lng,c1_0.location,c1_0.name,c1_0.nearest_hospital,c1_0.province,c1_0.start_time from camps c1_0
2026-04-28T15:32:11.216+05:30 DEBUG 6992 --- [lifeline-backend] [nio-8080-exec-4] o.s.w.s.m.m.a.HttpEntityMethodProcessor  : Using 'application/json', given [application/json, text/plain, */*] and supported [application/json, application/*+json]
2026-04-28T15:32:11.216+05:30 DEBUG 6992 --- [lifeline-backend] [nio-8080-exec-7] org.hibernate.SQL                        : select h1_0.id,h1_0.address,h1_0.contact_number,h1_0.created_at,h1_0.district,h1_0.name,h1_0.province from hospitals h1_0 where h1_0.province=? and h1_0.district=? order by h1_0.name
Hibernate: select h1_0.id,h1_0.address,h1_0.contact_number,h1_0.created_at,h1_0.district,h1_0.name,h1_0.province from hospitals h1_0 where h1_0.province=? and h1_0.district=? order by h1_0.name
2026-04-28T15:32:11.225+05:30 DEBUG 6992 --- [lifeline-backend] [nio-8080-exec-4] o.s.w.s.m.m.a.HttpEntityMethodProcessor  : Writing [[{date=2026-04-30, googleMapLink=https://www.google.com/maps/place/Wellawatte,+Colombo+00600/@6.8750 (truncated)...]
2026-04-28T15:32:11.230+05:30 DEBUG 6992 --- [lifeline-backend] [nio-8080-exec-7] o.s.w.s.m.m.a.HttpEntityMethodProcessor  : Using 'application/json', given [application/json, text/plain, */*] and supported [application/json, application/*+json]
2026-04-28T15:32:11.231+05:30 DEBUG 6992 --- [lifeline-backend] [nio-8080-exec-7] o.s.w.s.m.m.a.HttpEntityMethodProcessor  : Writing [[Hospital(id=1, name=Colombo National Hospital, province=Western Province, district=Colombo District (truncated)...]
2026-04-28T15:32:11.235+05:30 DEBUG 6992 --- [lifeline-backend] [nio-8080-exec-7] o.s.web.servlet.DispatcherServlet        : Completed 200 OK
2026-04-28T15:32:11.228+05:30 DEBUG 6992 --- [lifeline-backend] [nio-8080-exec-4] o.s.web.servlet.DispatcherServlet        : Completed 200 OK
2026-04-28T15:35:04.108+05:30 DEBUG 6992 --- [lifeline-backend] [io-8080-exec-10] o.s.web.servlet.DispatcherServlet        : GET "/api/activity/recent", parameters={}
2026-04-28T15:35:04.109+05:30 DEBUG 6992 --- [lifeline-backend] [nio-8080-exec-8] o.s.web.servlet.DispatcherServlet        : GET "/api/inventory", parameters={}
2026-04-28T15:35:04.112+05:30 DEBUG 6992 --- [lifeline-backend] [io-8080-exec-10] s.w.s.m.m.a.RequestMappingHandlerMapping : Mapped to com.lifeline.controller.ActivityController#getRecentActivity()
2026-04-28T15:35:04.114+05:30 DEBUG 6992 --- [lifeline-backend] [nio-8080-exec-8] s.w.s.m.m.a.RequestMappingHandlerMapping : Mapped to com.lifeline.controller.InventoryController#getAllStock()
2026-04-28T15:35:04.118+05:30 DEBUG 6992 --- [lifeline-backend] [io-8080-exec-10] org.hibernate.SQL                        : select al1_0.id,al1_0.activity_type,al1_0.description,al1_0.timestamp from activity_log al1_0 order by al1_0.timestamp desc limit ?
Hibernate: select al1_0.id,al1_0.activity_type,al1_0.description,al1_0.timestamp from activity_log al1_0 order by al1_0.timestamp desc limit ?
2026-04-28T15:35:04.125+05:30 DEBUG 6992 --- [lifeline-backend] [nio-8080-exec-8] org.hibernate.SQL                        : select i1_0.id,i1_0.blood_type,i1_0.collected_at,i1_0.donor_name,i1_0.donor_user_id,i1_0.expiry_date,i1_0.quantity,i1_0.safety_flag,i1_0.source_appointment_id,i1_0.status,i1_0.test_status from inventory i1_0
Hibernate: select i1_0.id,i1_0.blood_type,i1_0.collected_at,i1_0.donor_name,i1_0.donor_user_id,i1_0.expiry_date,i1_0.quantity,i1_0.safety_flag,i1_0.source_appointment_id,i1_0.status,i1_0.test_status from inventory i1_0
2026-04-28T15:35:04.131+05:30 DEBUG 6992 --- [lifeline-backend] [io-8080-exec-10] o.s.w.s.m.m.a.HttpEntityMethodProcessor  : Using 'application/json', given [application/json, text/plain, */*] and supported [application/json, application/*+json]
2026-04-28T15:35:04.133+05:30 DEBUG 6992 --- [lifeline-backend] [io-8080-exec-10] o.s.w.s.m.m.a.HttpEntityMethodProcessor  : Writing [[ActivityLog(id=19, description=Emergency Alert: 1 units of A+ needed at Colombo National Hospital ( (truncated)...]
2026-04-28T15:35:04.137+05:30 DEBUG 6992 --- [lifeline-backend] [io-8080-exec-10] o.s.web.servlet.DispatcherServlet        : Completed 200 OK
2026-04-28T15:35:04.137+05:30 DEBUG 6992 --- [lifeline-backend] [nio-8080-exec-8] o.s.w.s.m.m.a.HttpEntityMethodProcessor  : Using 'application/json', given [application/json, text/plain, */*] and supported [application/json, application/*+json]
2026-04-28T15:35:04.138+05:30 DEBUG 6992 --- [lifeline-backend] [nio-8080-exec-8] o.s.w.s.m.m.a.HttpEntityMethodProcessor  : Writing [[Inventory(id=1, bloodType=O+, quantity=30, expiryDate=2026-05-28, status=AVAILABLE, safetyFlag=SAFE (truncated)...]
2026-04-28T15:35:04.140+05:30 DEBUG 6992 --- [lifeline-backend] [nio-8080-exec-7] o.s.web.servlet.DispatcherServlet        : GET "/api/activity/recent", parameters={}
2026-04-28T15:35:04.141+05:30 DEBUG 6992 --- [lifeline-backend] [nio-8080-exec-8] o.s.web.servlet.DispatcherServlet        : Completed 200 OK
2026-04-28T15:35:04.142+05:30 DEBUG 6992 --- [lifeline-backend] [nio-8080-exec-7] s.w.s.m.m.a.RequestMappingHandlerMapping : Mapped to com.lifeline.controller.ActivityController#getRecentActivity()
2026-04-28T15:35:04.143+05:30 DEBUG 6992 --- [lifeline-backend] [nio-8080-exec-4] o.s.web.servlet.DispatcherServlet        : GET "/api/inventory", parameters={}
2026-04-28T15:35:04.147+05:30 DEBUG 6992 --- [lifeline-backend] [nio-8080-exec-4] s.w.s.m.m.a.RequestMappingHandlerMapping : Mapped to com.lifeline.controller.InventoryController#getAllStock()
2026-04-28T15:35:04.147+05:30 DEBUG 6992 --- [lifeline-backend] [nio-8080-exec-7] org.hibernate.SQL                        : select al1_0.id,al1_0.activity_type,al1_0.description,al1_0.timestamp from activity_log al1_0 order by al1_0.timestamp desc limit ?
Hibernate: select al1_0.id,al1_0.activity_type,al1_0.description,al1_0.timestamp from activity_log al1_0 order by al1_0.timestamp desc limit ?
2026-04-28T15:35:04.152+05:30 DEBUG 6992 --- [lifeline-backend] [nio-8080-exec-4] org.hibernate.SQL                        : select i1_0.id,i1_0.blood_type,i1_0.collected_at,i1_0.donor_name,i1_0.donor_user_id,i1_0.expiry_date,i1_0.quantity,i1_0.safety_flag,i1_0.source_appointment_id,i1_0.status,i1_0.test_status from inventory i1_0
Hibernate: select i1_0.id,i1_0.blood_type,i1_0.collected_at,i1_0.donor_name,i1_0.donor_user_id,i1_0.expiry_date,i1_0.quantity,i1_0.safety_flag,i1_0.source_appointment_id,i1_0.status,i1_0.test_status from inventory i1_0
2026-04-28T15:35:04.154+05:30 DEBUG 6992 --- [lifeline-backend] [nio-8080-exec-7] o.s.w.s.m.m.a.HttpEntityMethodProcessor  : Using 'application/json', given [application/json, text/plain, */*] and supported [application/json, application/*+json]
2026-04-28T15:35:04.155+05:30 DEBUG 6992 --- [lifeline-backend] [nio-8080-exec-7] o.s.w.s.m.m.a.HttpEntityMethodProcessor  : Writing [[ActivityLog(id=19, description=Emergency Alert: 1 units of A+ needed at Colombo National Hospital ( (truncated)...]
2026-04-28T15:35:04.157+05:30 DEBUG 6992 --- [lifeline-backend] [nio-8080-exec-7] o.s.web.servlet.DispatcherServlet        : Completed 200 OK
2026-04-28T15:35:04.159+05:30 DEBUG 6992 --- [lifeline-backend] [nio-8080-exec-4] o.s.w.s.m.m.a.HttpEntityMethodProcessor  : Using 'application/json', given [application/json, text/plain, */*] and supported [application/json, application/*+json]
2026-04-28T15:35:04.160+05:30 DEBUG 6992 --- [lifeline-backend] [nio-8080-exec-4] o.s.w.s.m.m.a.HttpEntityMethodProcessor  : Writing [[Inventory(id=1, bloodType=O+, quantity=30, expiryDate=2026-05-28, status=AVAILABLE, safetyFlag=SAFE (truncated)...]
2026-04-28T15:35:04.163+05:30 DEBUG 6992 --- [lifeline-backend] [nio-8080-exec-4] o.s.web.servlet.DispatcherServlet        : Completed 200 OK
2026-04-28T15:35:10.100+05:30 DEBUG 6992 --- [lifeline-backend] [nio-8080-exec-1] o.s.web.servlet.DispatcherServlet        : GET "/api/emergency/requests/all", parameters={}
2026-04-28T15:35:10.100+05:30 DEBUG 6992 --- [lifeline-backend] [nio-8080-exec-3] o.s.web.servlet.DispatcherServlet        : GET "/api/hospital-requests", parameters={}
2026-04-28T15:35:10.102+05:30 DEBUG 6992 --- [lifeline-backend] [nio-8080-exec-5] o.s.web.servlet.DispatcherServlet        : GET "/api/inventory", parameters={}
2026-04-28T15:35:10.109+05:30 DEBUG 6992 --- [lifeline-backend] [nio-8080-exec-1] s.w.s.m.m.a.RequestMappingHandlerMapping : Mapped to com.lifeline.controller.EmergencyController#getAllRequests(String, Long)
2026-04-28T15:35:10.111+05:30 DEBUG 6992 --- [lifeline-backend] [nio-8080-exec-3] s.w.s.m.m.a.RequestMappingHandlerMapping : Mapped to com.lifeline.controller.HospitalRequestController#listRequests(Long, String)
2026-04-28T15:35:10.114+05:30 DEBUG 6992 --- [lifeline-backend] [nio-8080-exec-5] s.w.s.m.m.a.RequestMappingHandlerMapping : Mapped to com.lifeline.controller.InventoryController#getAllStock()
2026-04-28T15:35:10.125+05:30 DEBUG 6992 --- [lifeline-backend] [nio-8080-exec-3] org.hibernate.SQL                        : select hbr1_0.id,hbr1_0.admin_notes,hbr1_0.blood_type,hbr1_0.created_at,hbr1_0.hospital_name,hbr1_0.hospital_user_id,hbr1_0.priority,hbr1_0.reason,hbr1_0.status,hbr1_0.units_issued,hbr1_0.units_requested,hbr1_0.updated_at from hospital_blood_requests hbr1_0 order by hbr1_0.created_at desc
Hibernate: select hbr1_0.id,hbr1_0.admin_notes,hbr1_0.blood_type,hbr1_0.created_at,hbr1_0.hospital_name,hbr1_0.hospital_user_id,hbr1_0.priority,hbr1_0.reason,hbr1_0.status,hbr1_0.units_issued,hbr1_0.units_requested,hbr1_0.updated_at from hospital_blood_requests hbr1_0 order by hbr1_0.created_at desc
2026-04-28T15:35:10.126+05:30 DEBUG 6992 --- [lifeline-backend] [nio-8080-exec-1] org.hibernate.SQL                        : select er1_0.id,er1_0.admin_notes,er1_0.blood_type,er1_0.created_at,er1_0.hospital,er1_0.hospital_user_id,er1_0.priority,er1_0.reason,er1_0.status,er1_0.units_fulfilled,er1_0.units_requested,er1_0.updated_at,er1_0.urgency from emergency_requests er1_0 order by er1_0.created_at desc
Hibernate: select er1_0.id,er1_0.admin_notes,er1_0.blood_type,er1_0.created_at,er1_0.hospital,er1_0.hospital_user_id,er1_0.priority,er1_0.reason,er1_0.status,er1_0.units_fulfilled,er1_0.units_requested,er1_0.updated_at,er1_0.urgency from emergency_requests er1_0 order by er1_0.created_at desc
2026-04-28T15:35:10.133+05:30 DEBUG 6992 --- [lifeline-backend] [nio-8080-exec-5] org.hibernate.SQL                        : select i1_0.id,i1_0.blood_type,i1_0.collected_at,i1_0.donor_name,i1_0.donor_user_id,i1_0.expiry_date,i1_0.quantity,i1_0.safety_flag,i1_0.source_appointment_id,i1_0.status,i1_0.test_status from inventory i1_0
Hibernate: select i1_0.id,i1_0.blood_type,i1_0.collected_at,i1_0.donor_name,i1_0.donor_user_id,i1_0.expiry_date,i1_0.quantity,i1_0.safety_flag,i1_0.source_appointment_id,i1_0.status,i1_0.test_status from inventory i1_0
2026-04-28T15:35:10.134+05:30 DEBUG 6992 --- [lifeline-backend] [nio-8080-exec-3] o.s.w.s.m.m.a.HttpEntityMethodProcessor  : Using 'application/json', given [application/json, text/plain, */*] and supported [application/json, application/*+json]
2026-04-28T15:35:10.137+05:30 DEBUG 6992 --- [lifeline-backend] [nio-8080-exec-3] o.s.w.s.m.m.a.HttpEntityMethodProcessor  : Writing [[]]
2026-04-28T15:35:10.139+05:30 DEBUG 6992 --- [lifeline-backend] [nio-8080-exec-1] o.s.w.s.m.m.a.HttpEntityMethodProcessor  : Using 'application/json', given [application/json, text/plain, */*] and supported [application/json, application/*+json]
2026-04-28T15:35:10.140+05:30 DEBUG 6992 --- [lifeline-backend] [nio-8080-exec-3] o.s.web.servlet.DispatcherServlet        : Completed 200 OK
2026-04-28T15:35:10.141+05:30 DEBUG 6992 --- [lifeline-backend] [nio-8080-exec-1] o.s.w.s.m.m.a.HttpEntityMethodProcessor  : Writing [[EmergencyRequest(id=17, bloodType=A+, unitsRequested=1, unitsFulfilled=0, hospital=Colombo National (truncated)...]
2026-04-28T15:35:10.143+05:30 DEBUG 6992 --- [lifeline-backend] [nio-8080-exec-2] o.s.web.servlet.DispatcherServlet        : GET "/api/hospital-requests", parameters={}
2026-04-28T15:35:10.143+05:30 DEBUG 6992 --- [lifeline-backend] [nio-8080-exec-5] o.s.w.s.m.m.a.HttpEntityMethodProcessor  : Using 'application/json', given [application/json, text/plain, */*] and supported [application/json, application/*+json]
2026-04-28T15:35:10.143+05:30 DEBUG 6992 --- [lifeline-backend] [nio-8080-exec-1] o.s.web.servlet.DispatcherServlet        : Completed 200 OK
2026-04-28T15:35:10.144+05:30 DEBUG 6992 --- [lifeline-backend] [nio-8080-exec-2] s.w.s.m.m.a.RequestMappingHandlerMapping : Mapped to com.lifeline.controller.HospitalRequestController#listRequests(Long, String)
2026-04-28T15:35:10.145+05:30 DEBUG 6992 --- [lifeline-backend] [nio-8080-exec-5] o.s.w.s.m.m.a.HttpEntityMethodProcessor  : Writing [[Inventory(id=1, bloodType=O+, quantity=30, expiryDate=2026-05-28, status=AVAILABLE, safetyFlag=SAFE (truncated)...]
2026-04-28T15:35:10.147+05:30 DEBUG 6992 --- [lifeline-backend] [nio-8080-exec-9] o.s.web.servlet.DispatcherServlet        : GET "/api/emergency/requests/all", parameters={}
2026-04-28T15:35:10.151+05:30 DEBUG 6992 --- [lifeline-backend] [nio-8080-exec-9] s.w.s.m.m.a.RequestMappingHandlerMapping : Mapped to com.lifeline.controller.EmergencyController#getAllRequests(String, Long)
2026-04-28T15:35:10.151+05:30 DEBUG 6992 --- [lifeline-backend] [nio-8080-exec-5] o.s.web.servlet.DispatcherServlet        : Completed 200 OK
2026-04-28T15:35:10.154+05:30 DEBUG 6992 --- [lifeline-backend] [nio-8080-exec-6] o.s.web.servlet.DispatcherServlet        : GET "/api/inventory", parameters={}
2026-04-28T15:35:10.154+05:30 DEBUG 6992 --- [lifeline-backend] [nio-8080-exec-9] org.hibernate.SQL                        : select er1_0.id,er1_0.admin_notes,er1_0.blood_type,er1_0.created_at,er1_0.hospital,er1_0.hospital_user_id,er1_0.priority,er1_0.reason,er1_0.status,er1_0.units_fulfilled,er1_0.units_requested,er1_0.updated_at,er1_0.urgency from emergency_requests er1_0 order by er1_0.created_at desc
Hibernate: select er1_0.id,er1_0.admin_notes,er1_0.blood_type,er1_0.created_at,er1_0.hospital,er1_0.hospital_user_id,er1_0.priority,er1_0.reason,er1_0.status,er1_0.units_fulfilled,er1_0.units_requested,er1_0.updated_at,er1_0.urgency from emergency_requests er1_0 order by er1_0.created_at desc
2026-04-28T15:35:10.154+05:30 DEBUG 6992 --- [lifeline-backend] [nio-8080-exec-2] org.hibernate.SQL                        : select hbr1_0.id,hbr1_0.admin_notes,hbr1_0.blood_type,hbr1_0.created_at,hbr1_0.hospital_name,hbr1_0.hospital_user_id,hbr1_0.priority,hbr1_0.reason,hbr1_0.status,hbr1_0.units_issued,hbr1_0.units_requested,hbr1_0.updated_at from hospital_blood_requests hbr1_0 order by hbr1_0.created_at desc
Hibernate: select hbr1_0.id,hbr1_0.admin_notes,hbr1_0.blood_type,hbr1_0.created_at,hbr1_0.hospital_name,hbr1_0.hospital_user_id,hbr1_0.priority,hbr1_0.reason,hbr1_0.status,hbr1_0.units_issued,hbr1_0.units_requested,hbr1_0.updated_at from hospital_blood_requests hbr1_0 order by hbr1_0.created_at desc
2026-04-28T15:35:10.155+05:30 DEBUG 6992 --- [lifeline-backend] [nio-8080-exec-6] s.w.s.m.m.a.RequestMappingHandlerMapping : Mapped to com.lifeline.controller.InventoryController#getAllStock()
2026-04-28T15:35:10.162+05:30 DEBUG 6992 --- [lifeline-backend] [nio-8080-exec-9] o.s.w.s.m.m.a.HttpEntityMethodProcessor  : Using 'application/json', given [application/json, text/plain, */*] and supported [application/json, application/*+json]
2026-04-28T15:35:10.162+05:30 DEBUG 6992 --- [lifeline-backend] [nio-8080-exec-2] o.s.w.s.m.m.a.HttpEntityMethodProcessor  : Using 'application/json', given [application/json, text/plain, */*] and supported [application/json, application/*+json]
2026-04-28T15:35:10.164+05:30 DEBUG 6992 --- [lifeline-backend] [nio-8080-exec-9] o.s.w.s.m.m.a.HttpEntityMethodProcessor  : Writing [[EmergencyRequest(id=17, bloodType=A+, unitsRequested=1, unitsFulfilled=0, hospital=Colombo National (truncated)...]
2026-04-28T15:35:10.164+05:30 DEBUG 6992 --- [lifeline-backend] [nio-8080-exec-2] o.s.w.s.m.m.a.HttpEntityMethodProcessor  : Writing [[]]
2026-04-28T15:35:10.167+05:30 DEBUG 6992 --- [lifeline-backend] [nio-8080-exec-9] o.s.web.servlet.DispatcherServlet        : Completed 200 OK
2026-04-28T15:35:10.165+05:30 DEBUG 6992 --- [lifeline-backend] [nio-8080-exec-6] org.hibernate.SQL                        : select i1_0.id,i1_0.blood_type,i1_0.collected_at,i1_0.donor_name,i1_0.donor_user_id,i1_0.expiry_date,i1_0.quantity,i1_0.safety_flag,i1_0.source_appointment_id,i1_0.status,i1_0.test_status from inventory i1_0
Hibernate: select i1_0.id,i1_0.blood_type,i1_0.collected_at,i1_0.donor_name,i1_0.donor_user_id,i1_0.expiry_date,i1_0.quantity,i1_0.safety_flag,i1_0.source_appointment_id,i1_0.status,i1_0.test_status from inventory i1_0
2026-04-28T15:35:10.170+05:30 DEBUG 6992 --- [lifeline-backend] [nio-8080-exec-2] o.s.web.servlet.DispatcherServlet        : Completed 200 OK
2026-04-28T15:35:10.175+05:30 DEBUG 6992 --- [lifeline-backend] [nio-8080-exec-6] o.s.w.s.m.m.a.HttpEntityMethodProcessor  : Using 'application/json', given [application/json, text/plain, */*] and supported [application/json, application/*+json]
2026-04-28T15:35:10.176+05:30 DEBUG 6992 --- [lifeline-backend] [nio-8080-exec-6] o.s.w.s.m.m.a.HttpEntityMethodProcessor  : Writing [[Inventory(id=1, bloodType=O+, quantity=30, expiryDate=2026-05-28, status=AVAILABLE, safetyFlag=SAFE (truncated)...]
2026-04-28T15:35:10.178+05:30 DEBUG 6992 --- [lifeline-backend] [nio-8080-exec-6] o.s.web.servlet.DispatcherServlet        : Completed 200 OK
2026-04-28T15:35:33.890+05:30 DEBUG 6992 --- [lifeline-backend] [nio-8080-exec-8] o.s.web.servlet.DispatcherServlet        : GET "/api/inventory", parameters={}
2026-04-28T15:35:33.891+05:30 DEBUG 6992 --- [lifeline-backend] [io-8080-exec-10] o.s.web.servlet.DispatcherServlet        : GET "/api/activity/recent", parameters={}
2026-04-28T15:35:33.898+05:30 DEBUG 6992 --- [lifeline-backend] [nio-8080-exec-8] s.w.s.m.m.a.RequestMappingHandlerMapping : Mapped to com.lifeline.controller.InventoryController#getAllStock()
2026-04-28T15:35:33.900+05:30 DEBUG 6992 --- [lifeline-backend] [io-8080-exec-10] s.w.s.m.m.a.RequestMappingHandlerMapping : Mapped to com.lifeline.controller.ActivityController#getRecentActivity()
2026-04-28T15:35:33.911+05:30 DEBUG 6992 --- [lifeline-backend] [io-8080-exec-10] org.hibernate.SQL                        : select al1_0.id,al1_0.activity_type,al1_0.description,al1_0.timestamp from activity_log al1_0 order by al1_0.timestamp desc limit ?
Hibernate: select al1_0.id,al1_0.activity_type,al1_0.description,al1_0.timestamp from activity_log al1_0 order by al1_0.timestamp desc limit ?
2026-04-28T15:35:33.917+05:30 DEBUG 6992 --- [lifeline-backend] [nio-8080-exec-8] org.hibernate.SQL                        : select i1_0.id,i1_0.blood_type,i1_0.collected_at,i1_0.donor_name,i1_0.donor_user_id,i1_0.expiry_date,i1_0.quantity,i1_0.safety_flag,i1_0.source_appointment_id,i1_0.status,i1_0.test_status from inventory i1_0
Hibernate: select i1_0.id,i1_0.blood_type,i1_0.collected_at,i1_0.donor_name,i1_0.donor_user_id,i1_0.expiry_date,i1_0.quantity,i1_0.safety_flag,i1_0.source_appointment_id,i1_0.status,i1_0.test_status from inventory i1_0
2026-04-28T15:35:33.924+05:30 DEBUG 6992 --- [lifeline-backend] [io-8080-exec-10] o.s.w.s.m.m.a.HttpEntityMethodProcessor  : Using 'application/json', given [application/json, text/plain, */*] and supported [application/json, application/*+json]
2026-04-28T15:35:33.925+05:30 DEBUG 6992 --- [lifeline-backend] [io-8080-exec-10] o.s.w.s.m.m.a.HttpEntityMethodProcessor  : Writing [[ActivityLog(id=19, description=Emergency Alert: 1 units of A+ needed at Colombo National Hospital ( (truncated)...]
2026-04-28T15:35:33.932+05:30 DEBUG 6992 --- [lifeline-backend] [io-8080-exec-10] o.s.web.servlet.DispatcherServlet        : Completed 200 OK
2026-04-28T15:35:33.935+05:30 DEBUG 6992 --- [lifeline-backend] [nio-8080-exec-8] o.s.w.s.m.m.a.HttpEntityMethodProcessor  : Using 'application/json', given [application/json, text/plain, */*] and supported [application/json, application/*+json]
2026-04-28T15:35:33.938+05:30 DEBUG 6992 --- [lifeline-backend] [nio-8080-exec-7] o.s.web.servlet.DispatcherServlet        : GET "/api/activity/recent", parameters={}
2026-04-28T15:35:33.940+05:30 DEBUG 6992 --- [lifeline-backend] [nio-8080-exec-8] o.s.w.s.m.m.a.HttpEntityMethodProcessor  : Writing [[Inventory(id=1, bloodType=O+, quantity=30, expiryDate=2026-05-28, status=AVAILABLE, safetyFlag=SAFE (truncated)...]
2026-04-28T15:35:33.942+05:30 DEBUG 6992 --- [lifeline-backend] [nio-8080-exec-7] s.w.s.m.m.a.RequestMappingHandlerMapping : Mapped to com.lifeline.controller.ActivityController#getRecentActivity()
2026-04-28T15:35:33.946+05:30 DEBUG 6992 --- [lifeline-backend] [nio-8080-exec-8] o.s.web.servlet.DispatcherServlet        : Completed 200 OK
2026-04-28T15:35:33.951+05:30 DEBUG 6992 --- [lifeline-backend] [nio-8080-exec-7] org.hibernate.SQL                        : select al1_0.id,al1_0.activity_type,al1_0.description,al1_0.timestamp from activity_log al1_0 order by al1_0.timestamp desc limit ?
Hibernate: select al1_0.id,al1_0.activity_type,al1_0.description,al1_0.timestamp from activity_log al1_0 order by al1_0.timestamp desc limit ?
2026-04-28T15:35:33.951+05:30 DEBUG 6992 --- [lifeline-backend] [nio-8080-exec-4] o.s.web.servlet.DispatcherServlet        : GET "/api/inventory", parameters={}
2026-04-28T15:35:33.954+05:30 DEBUG 6992 --- [lifeline-backend] [nio-8080-exec-4] s.w.s.m.m.a.RequestMappingHandlerMapping : Mapped to com.lifeline.controller.InventoryController#getAllStock()
2026-04-28T15:35:33.957+05:30 DEBUG 6992 --- [lifeline-backend] [nio-8080-exec-7] o.s.w.s.m.m.a.HttpEntityMethodProcessor  : Using 'application/json', given [application/json, text/plain, */*] and supported [application/json, application/*+json]
2026-04-28T15:35:33.959+05:30 DEBUG 6992 --- [lifeline-backend] [nio-8080-exec-7] o.s.w.s.m.m.a.HttpEntityMethodProcessor  : Writing [[ActivityLog(id=19, description=Emergency Alert: 1 units of A+ needed at Colombo National Hospital ( (truncated)...]
2026-04-28T15:35:33.963+05:30 DEBUG 6992 --- [lifeline-backend] [nio-8080-exec-4] org.hibernate.SQL                        : select i1_0.id,i1_0.blood_type,i1_0.collected_at,i1_0.donor_name,i1_0.donor_user_id,i1_0.expiry_date,i1_0.quantity,i1_0.safety_flag,i1_0.source_appointment_id,i1_0.status,i1_0.test_status from inventory i1_0
Hibernate: select i1_0.id,i1_0.blood_type,i1_0.collected_at,i1_0.donor_name,i1_0.donor_user_id,i1_0.expiry_date,i1_0.quantity,i1_0.safety_flag,i1_0.source_appointment_id,i1_0.status,i1_0.test_status from inventory i1_0
2026-04-28T15:35:33.964+05:30 DEBUG 6992 --- [lifeline-backend] [nio-8080-exec-7] o.s.web.servlet.DispatcherServlet        : Completed 200 OK
2026-04-28T15:35:33.984+05:30 DEBUG 6992 --- [lifeline-backend] [nio-8080-exec-4] o.s.w.s.m.m.a.HttpEntityMethodProcessor  : Using 'application/json', given [application/json, text/plain, */*] and supported [application/json, application/*+json]
2026-04-28T15:35:33.986+05:30 DEBUG 6992 --- [lifeline-backend] [nio-8080-exec-4] o.s.w.s.m.m.a.HttpEntityMethodProcessor  : Writing [[Inventory(id=1, bloodType=O+, quantity=30, expiryDate=2026-05-28, status=AVAILABLE, safetyFlag=SAFE (truncated)...]
2026-04-28T15:35:33.988+05:30 DEBUG 6992 --- [lifeline-backend] [nio-8080-exec-4] o.s.web.servlet.DispatcherServlet        : Completed 200 OK
2026-04-28T15:35:58.270+05:30 DEBUG 6992 --- [lifeline-backend] [nio-8080-exec-5] o.s.web.servlet.DispatcherServlet        : GET "/api/hospital-requests", parameters={}
2026-04-28T15:35:58.271+05:30 DEBUG 6992 --- [lifeline-backend] [nio-8080-exec-1] o.s.web.servlet.DispatcherServlet        : GET "/api/emergency/requests/all", parameters={}
2026-04-28T15:35:58.272+05:30 DEBUG 6992 --- [lifeline-backend] [nio-8080-exec-3] o.s.web.servlet.DispatcherServlet        : GET "/api/inventory", parameters={}
2026-04-28T15:35:58.277+05:30 DEBUG 6992 --- [lifeline-backend] [nio-8080-exec-5] s.w.s.m.m.a.RequestMappingHandlerMapping : Mapped to com.lifeline.controller.HospitalRequestController#listRequests(Long, String)
2026-04-28T15:35:58.278+05:30 DEBUG 6992 --- [lifeline-backend] [nio-8080-exec-1] s.w.s.m.m.a.RequestMappingHandlerMapping : Mapped to com.lifeline.controller.EmergencyController#getAllRequests(String, Long)
2026-04-28T15:35:58.281+05:30 DEBUG 6992 --- [lifeline-backend] [nio-8080-exec-3] s.w.s.m.m.a.RequestMappingHandlerMapping : Mapped to com.lifeline.controller.InventoryController#getAllStock()
2026-04-28T15:35:58.289+05:30 DEBUG 6992 --- [lifeline-backend] [nio-8080-exec-1] org.hibernate.SQL                        : select er1_0.id,er1_0.admin_notes,er1_0.blood_type,er1_0.created_at,er1_0.hospital,er1_0.hospital_user_id,er1_0.priority,er1_0.reason,er1_0.status,er1_0.units_fulfilled,er1_0.units_requested,er1_0.updated_at,er1_0.urgency from emergency_requests er1_0 order by er1_0.created_at desc
Hibernate: select er1_0.id,er1_0.admin_notes,er1_0.blood_type,er1_0.created_at,er1_0.hospital,er1_0.hospital_user_id,er1_0.priority,er1_0.reason,er1_0.status,er1_0.units_fulfilled,er1_0.units_requested,er1_0.updated_at,er1_0.urgency from emergency_requests er1_0 order by er1_0.created_at desc
2026-04-28T15:35:58.289+05:30 DEBUG 6992 --- [lifeline-backend] [nio-8080-exec-5] org.hibernate.SQL                        : select hbr1_0.id,hbr1_0.admin_notes,hbr1_0.blood_type,hbr1_0.created_at,hbr1_0.hospital_name,hbr1_0.hospital_user_id,hbr1_0.priority,hbr1_0.reason,hbr1_0.status,hbr1_0.units_issued,hbr1_0.units_requested,hbr1_0.updated_at from hospital_blood_requests hbr1_0 order by hbr1_0.created_at desc
Hibernate: select hbr1_0.id,hbr1_0.admin_notes,hbr1_0.blood_type,hbr1_0.created_at,hbr1_0.hospital_name,hbr1_0.hospital_user_id,hbr1_0.priority,hbr1_0.reason,hbr1_0.status,hbr1_0.units_issued,hbr1_0.units_requested,hbr1_0.updated_at from hospital_blood_requests hbr1_0 order by hbr1_0.created_at desc
2026-04-28T15:35:58.295+05:30 DEBUG 6992 --- [lifeline-backend] [nio-8080-exec-3] org.hibernate.SQL                        : select i1_0.id,i1_0.blood_type,i1_0.collected_at,i1_0.donor_name,i1_0.donor_user_id,i1_0.expiry_date,i1_0.quantity,i1_0.safety_flag,i1_0.source_appointment_id,i1_0.status,i1_0.test_status from inventory i1_0
Hibernate: select i1_0.id,i1_0.blood_type,i1_0.collected_at,i1_0.donor_name,i1_0.donor_user_id,i1_0.expiry_date,i1_0.quantity,i1_0.safety_flag,i1_0.source_appointment_id,i1_0.status,i1_0.test_status from inventory i1_0
2026-04-28T15:35:58.301+05:30 DEBUG 6992 --- [lifeline-backend] [nio-8080-exec-1] o.s.w.s.m.m.a.HttpEntityMethodProcessor  : Using 'application/json', given [application/json, text/plain, */*] and supported [application/json, application/*+json]
2026-04-28T15:35:58.301+05:30 DEBUG 6992 --- [lifeline-backend] [nio-8080-exec-5] o.s.w.s.m.m.a.HttpEntityMethodProcessor  : Using 'application/json', given [application/json, text/plain, */*] and supported [application/json, application/*+json]
2026-04-28T15:35:58.304+05:30 DEBUG 6992 --- [lifeline-backend] [nio-8080-exec-1] o.s.w.s.m.m.a.HttpEntityMethodProcessor  : Writing [[EmergencyRequest(id=17, bloodType=A+, unitsRequested=1, unitsFulfilled=0, hospital=Colombo National (truncated)...]
2026-04-28T15:35:58.305+05:30 DEBUG 6992 --- [lifeline-backend] [nio-8080-exec-5] o.s.w.s.m.m.a.HttpEntityMethodProcessor  : Writing [[]]
2026-04-28T15:35:58.311+05:30 DEBUG 6992 --- [lifeline-backend] [nio-8080-exec-3] o.s.w.s.m.m.a.HttpEntityMethodProcessor  : Using 'application/json', given [application/json, text/plain, */*] and supported [application/json, application/*+json]
2026-04-28T15:35:58.311+05:30 DEBUG 6992 --- [lifeline-backend] [nio-8080-exec-1] o.s.web.servlet.DispatcherServlet        : Completed 200 OK
2026-04-28T15:35:58.311+05:30 DEBUG 6992 --- [lifeline-backend] [nio-8080-exec-5] o.s.web.servlet.DispatcherServlet        : Completed 200 OK
2026-04-28T15:35:58.313+05:30 DEBUG 6992 --- [lifeline-backend] [nio-8080-exec-3] o.s.w.s.m.m.a.HttpEntityMethodProcessor  : Writing [[Inventory(id=1, bloodType=O+, quantity=30, expiryDate=2026-05-28, status=AVAILABLE, safetyFlag=SAFE (truncated)...]
2026-04-28T15:35:58.316+05:30 DEBUG 6992 --- [lifeline-backend] [nio-8080-exec-9] o.s.web.servlet.DispatcherServlet        : GET "/api/emergency/requests/all", parameters={}
2026-04-28T15:35:58.316+05:30 DEBUG 6992 --- [lifeline-backend] [nio-8080-exec-2] o.s.web.servlet.DispatcherServlet        : GET "/api/hospital-requests", parameters={}
2026-04-28T15:35:58.319+05:30 DEBUG 6992 --- [lifeline-backend] [nio-8080-exec-3] o.s.web.servlet.DispatcherServlet        : Completed 200 OK
2026-04-28T15:35:58.318+05:30 DEBUG 6992 --- [lifeline-backend] [nio-8080-exec-9] s.w.s.m.m.a.RequestMappingHandlerMapping : Mapped to com.lifeline.controller.EmergencyController#getAllRequests(String, Long)
2026-04-28T15:35:58.320+05:30 DEBUG 6992 --- [lifeline-backend] [nio-8080-exec-2] s.w.s.m.m.a.RequestMappingHandlerMapping : Mapped to com.lifeline.controller.HospitalRequestController#listRequests(Long, String)
2026-04-28T15:35:58.322+05:30 DEBUG 6992 --- [lifeline-backend] [nio-8080-exec-6] o.s.web.servlet.DispatcherServlet        : GET "/api/inventory", parameters={}
2026-04-28T15:35:58.324+05:30 DEBUG 6992 --- [lifeline-backend] [nio-8080-exec-6] s.w.s.m.m.a.RequestMappingHandlerMapping : Mapped to com.lifeline.controller.InventoryController#getAllStock()
2026-04-28T15:35:58.326+05:30 DEBUG 6992 --- [lifeline-backend] [nio-8080-exec-9] org.hibernate.SQL                        : select er1_0.id,er1_0.admin_notes,er1_0.blood_type,er1_0.created_at,er1_0.hospital,er1_0.hospital_user_id,er1_0.priority,er1_0.reason,er1_0.status,er1_0.units_fulfilled,er1_0.units_requested,er1_0.updated_at,er1_0.urgency from emergency_requests er1_0 order by er1_0.created_at desc
Hibernate: select er1_0.id,er1_0.admin_notes,er1_0.blood_type,er1_0.created_at,er1_0.hospital,er1_0.hospital_user_id,er1_0.priority,er1_0.reason,er1_0.status,er1_0.units_fulfilled,er1_0.units_requested,er1_0.updated_at,er1_0.urgency from emergency_requests er1_0 order by er1_0.created_at desc
2026-04-28T15:35:58.326+05:30 DEBUG 6992 --- [lifeline-backend] [nio-8080-exec-2] org.hibernate.SQL                        : select hbr1_0.id,hbr1_0.admin_notes,hbr1_0.blood_type,hbr1_0.created_at,hbr1_0.hospital_name,hbr1_0.hospital_user_id,hbr1_0.priority,hbr1_0.reason,hbr1_0.status,hbr1_0.units_issued,hbr1_0.units_requested,hbr1_0.updated_at from hospital_blood_requests hbr1_0 order by hbr1_0.created_at desc
Hibernate: select hbr1_0.id,hbr1_0.admin_notes,hbr1_0.blood_type,hbr1_0.created_at,hbr1_0.hospital_name,hbr1_0.hospital_user_id,hbr1_0.priority,hbr1_0.reason,hbr1_0.status,hbr1_0.units_issued,hbr1_0.units_requested,hbr1_0.updated_at from hospital_blood_requests hbr1_0 order by hbr1_0.created_at desc
2026-04-28T15:35:58.330+05:30 DEBUG 6992 --- [lifeline-backend] [nio-8080-exec-6] org.hibernate.SQL                        : select i1_0.id,i1_0.blood_type,i1_0.collected_at,i1_0.donor_name,i1_0.donor_user_id,i1_0.expiry_date,i1_0.quantity,i1_0.safety_flag,i1_0.source_appointment_id,i1_0.status,i1_0.test_status from inventory i1_0
Hibernate: select i1_0.id,i1_0.blood_type,i1_0.collected_at,i1_0.donor_name,i1_0.donor_user_id,i1_0.expiry_date,i1_0.quantity,i1_0.safety_flag,i1_0.source_appointment_id,i1_0.status,i1_0.test_status from inventory i1_0
2026-04-28T15:35:58.333+05:30 DEBUG 6992 --- [lifeline-backend] [nio-8080-exec-9] o.s.w.s.m.m.a.HttpEntityMethodProcessor  : Using 'application/json', given [application/json, text/plain, */*] and supported [application/json, application/*+json]
2026-04-28T15:35:58.335+05:30 DEBUG 6992 --- [lifeline-backend] [nio-8080-exec-2] o.s.w.s.m.m.a.HttpEntityMethodProcessor  : Using 'application/json', given [application/json, text/plain, */*] and supported [application/json, application/*+json]
2026-04-28T15:35:58.335+05:30 DEBUG 6992 --- [lifeline-backend] [nio-8080-exec-9] o.s.w.s.m.m.a.HttpEntityMethodProcessor  : Writing [[EmergencyRequest(id=17, bloodType=A+, unitsRequested=1, unitsFulfilled=0, hospital=Colombo National (truncated)...]
2026-04-28T15:35:58.337+05:30 DEBUG 6992 --- [lifeline-backend] [nio-8080-exec-2] o.s.w.s.m.m.a.HttpEntityMethodProcessor  : Writing [[]]
2026-04-28T15:35:58.339+05:30 DEBUG 6992 --- [lifeline-backend] [nio-8080-exec-9] o.s.web.servlet.DispatcherServlet        : Completed 200 OK
2026-04-28T15:35:58.341+05:30 DEBUG 6992 --- [lifeline-backend] [nio-8080-exec-2] o.s.web.servlet.DispatcherServlet        : Completed 200 OK
2026-04-28T15:35:58.342+05:30 DEBUG 6992 --- [lifeline-backend] [nio-8080-exec-6] o.s.w.s.m.m.a.HttpEntityMethodProcessor  : Using 'application/json', given [application/json, text/plain, */*] and supported [application/json, application/*+json]
2026-04-28T15:35:58.345+05:30 DEBUG 6992 --- [lifeline-backend] [nio-8080-exec-6] o.s.w.s.m.m.a.HttpEntityMethodProcessor  : Writing [[Inventory(id=1, bloodType=O+, quantity=30, expiryDate=2026-05-28, status=AVAILABLE, safetyFlag=SAFE (truncated)...]
2026-04-28T15:35:58.348+05:30 DEBUG 6992 --- [lifeline-backend] [nio-8080-exec-6] o.s.web.servlet.DispatcherServlet        : Completed 200 OK
2026-04-28T15:36:05.055+05:30 DEBUG 6992 --- [lifeline-backend] [nio-8080-exec-8] o.s.web.servlet.DispatcherServlet        : GET "/api/inventory", parameters={}
2026-04-28T15:36:05.055+05:30 DEBUG 6992 --- [lifeline-backend] [io-8080-exec-10] o.s.web.servlet.DispatcherServlet        : GET "/api/activity/recent", parameters={}
2026-04-28T15:36:05.095+05:30 DEBUG 6992 --- [lifeline-backend] [nio-8080-exec-8] s.w.s.m.m.a.RequestMappingHandlerMapping : Mapped to com.lifeline.controller.InventoryController#getAllStock()
2026-04-28T15:36:05.097+05:30 DEBUG 6992 --- [lifeline-backend] [io-8080-exec-10] s.w.s.m.m.a.RequestMappingHandlerMapping : Mapped to com.lifeline.controller.ActivityController#getRecentActivity()
2026-04-28T15:36:05.105+05:30 DEBUG 6992 --- [lifeline-backend] [io-8080-exec-10] org.hibernate.SQL                        : select al1_0.id,al1_0.activity_type,al1_0.description,al1_0.timestamp from activity_log al1_0 order by al1_0.timestamp desc limit ?
Hibernate: select al1_0.id,al1_0.activity_type,al1_0.description,al1_0.timestamp from activity_log al1_0 order by al1_0.timestamp desc limit ?
2026-04-28T15:36:05.110+05:30 DEBUG 6992 --- [lifeline-backend] [nio-8080-exec-8] org.hibernate.SQL                        : select i1_0.id,i1_0.blood_type,i1_0.collected_at,i1_0.donor_name,i1_0.donor_user_id,i1_0.expiry_date,i1_0.quantity,i1_0.safety_flag,i1_0.source_appointment_id,i1_0.status,i1_0.test_status from inventory i1_0
Hibernate: select i1_0.id,i1_0.blood_type,i1_0.collected_at,i1_0.donor_name,i1_0.donor_user_id,i1_0.expiry_date,i1_0.quantity,i1_0.safety_flag,i1_0.source_appointment_id,i1_0.status,i1_0.test_status from inventory i1_0
2026-04-28T15:36:05.126+05:30 DEBUG 6992 --- [lifeline-backend] [io-8080-exec-10] o.s.w.s.m.m.a.HttpEntityMethodProcessor  : Using 'application/json', given [application/json, text/plain, */*] and supported [application/json, application/*+json]
2026-04-28T15:36:05.129+05:30 DEBUG 6992 --- [lifeline-backend] [nio-8080-exec-8] o.s.w.s.m.m.a.HttpEntityMethodProcessor  : Using 'application/json', given [application/json, text/plain, */*] and supported [application/json, application/*+json]
2026-04-28T15:36:05.130+05:30 DEBUG 6992 --- [lifeline-backend] [io-8080-exec-10] o.s.w.s.m.m.a.HttpEntityMethodProcessor  : Writing [[ActivityLog(id=19, description=Emergency Alert: 1 units of A+ needed at Colombo National Hospital ( (truncated)...]
2026-04-28T15:36:05.132+05:30 DEBUG 6992 --- [lifeline-backend] [nio-8080-exec-8] o.s.w.s.m.m.a.HttpEntityMethodProcessor  : Writing [[Inventory(id=1, bloodType=O+, quantity=30, expiryDate=2026-05-28, status=AVAILABLE, safetyFlag=SAFE (truncated)...]
2026-04-28T15:36:05.139+05:30 DEBUG 6992 --- [lifeline-backend] [nio-8080-exec-8] o.s.web.servlet.DispatcherServlet        : Completed 200 OK
2026-04-28T15:36:05.140+05:30 DEBUG 6992 --- [lifeline-backend] [io-8080-exec-10] o.s.web.servlet.DispatcherServlet        : Completed 200 OK
2026-04-28T15:36:05.147+05:30 DEBUG 6992 --- [lifeline-backend] [nio-8080-exec-4] o.s.web.servlet.DispatcherServlet        : GET "/api/activity/recent", parameters={}
2026-04-28T15:36:05.147+05:30 DEBUG 6992 --- [lifeline-backend] [nio-8080-exec-7] o.s.web.servlet.DispatcherServlet        : GET "/api/inventory", parameters={}
2026-04-28T15:36:05.150+05:30 DEBUG 6992 --- [lifeline-backend] [nio-8080-exec-4] s.w.s.m.m.a.RequestMappingHandlerMapping : Mapped to com.lifeline.controller.ActivityController#getRecentActivity()
2026-04-28T15:36:05.152+05:30 DEBUG 6992 --- [lifeline-backend] [nio-8080-exec-7] s.w.s.m.m.a.RequestMappingHandlerMapping : Mapped to com.lifeline.controller.InventoryController#getAllStock()
2026-04-28T15:36:05.160+05:30 DEBUG 6992 --- [lifeline-backend] [nio-8080-exec-4] org.hibernate.SQL                        : select al1_0.id,al1_0.activity_type,al1_0.description,al1_0.timestamp from activity_log al1_0 order by al1_0.timestamp desc limit ?
Hibernate: select al1_0.id,al1_0.activity_type,al1_0.description,al1_0.timestamp from activity_log al1_0 order by al1_0.timestamp desc limit ?
2026-04-28T15:36:05.169+05:30 DEBUG 6992 --- [lifeline-backend] [nio-8080-exec-7] org.hibernate.SQL                        : select i1_0.id,i1_0.blood_type,i1_0.collected_at,i1_0.donor_name,i1_0.donor_user_id,i1_0.expiry_date,i1_0.quantity,i1_0.safety_flag,i1_0.source_appointment_id,i1_0.status,i1_0.test_status from inventory i1_0
Hibernate: select i1_0.id,i1_0.blood_type,i1_0.collected_at,i1_0.donor_name,i1_0.donor_user_id,i1_0.expiry_date,i1_0.quantity,i1_0.safety_flag,i1_0.source_appointment_id,i1_0.status,i1_0.test_status from inventory i1_0
2026-04-28T15:36:05.176+05:30 DEBUG 6992 --- [lifeline-backend] [nio-8080-exec-4] o.s.w.s.m.m.a.HttpEntityMethodProcessor  : Using 'application/json', given [application/json, text/plain, */*] and supported [application/json, application/*+json]
2026-04-28T15:36:05.179+05:30 DEBUG 6992 --- [lifeline-backend] [nio-8080-exec-4] o.s.w.s.m.m.a.HttpEntityMethodProcessor  : Writing [[ActivityLog(id=19, description=Emergency Alert: 1 units of A+ needed at Colombo National Hospital ( (truncated)...]
2026-04-28T15:36:05.187+05:30 DEBUG 6992 --- [lifeline-backend] [nio-8080-exec-4] o.s.web.servlet.DispatcherServlet        : Completed 200 OK
2026-04-28T15:36:05.193+05:30 DEBUG 6992 --- [lifeline-backend] [nio-8080-exec-7] o.s.w.s.m.m.a.HttpEntityMethodProcessor  : Using 'application/json', given [application/json, text/plain, */*] and supported [application/json, application/*+json]
2026-04-28T15:36:05.199+05:30 DEBUG 6992 --- [lifeline-backend] [nio-8080-exec-7] o.s.w.s.m.m.a.HttpEntityMethodProcessor  : Writing [[Inventory(id=1, bloodType=O+, quantity=30, expiryDate=2026-05-28, status=AVAILABLE, safetyFlag=SAFE (truncated)...]
2026-04-28T15:36:05.209+05:30 DEBUG 6992 --- [lifeline-backend] [nio-8080-exec-7] o.s.web.servlet.DispatcherServlet        : Completed 200 OK
2026-04-28T15:36:14.745+05:30 DEBUG 6992 --- [lifeline-backend] [nio-8080-exec-5] o.s.web.servlet.DispatcherServlet        : GET "/api/emergency/requests/all", parameters={}
2026-04-28T15:36:14.752+05:30 DEBUG 6992 --- [lifeline-backend] [nio-8080-exec-5] s.w.s.m.m.a.RequestMappingHandlerMapping : Mapped to com.lifeline.controller.EmergencyController#getAllRequests(String, Long)
2026-04-28T15:36:14.744+05:30 DEBUG 6992 --- [lifeline-backend] [nio-8080-exec-1] o.s.web.servlet.DispatcherServlet        : GET "/api/inventory", parameters={}
2026-04-28T15:36:14.756+05:30 DEBUG 6992 --- [lifeline-backend] [nio-8080-exec-1] s.w.s.m.m.a.RequestMappingHandlerMapping : Mapped to com.lifeline.controller.InventoryController#getAllStock()
2026-04-28T15:36:14.753+05:30 DEBUG 6992 --- [lifeline-backend] [nio-8080-exec-3] o.s.web.servlet.DispatcherServlet        : GET "/api/hospital-requests", parameters={}
2026-04-28T15:36:14.759+05:30 DEBUG 6992 --- [lifeline-backend] [nio-8080-exec-3] s.w.s.m.m.a.RequestMappingHandlerMapping : Mapped to com.lifeline.controller.HospitalRequestController#listRequests(Long, String)
2026-04-28T15:36:14.760+05:30 DEBUG 6992 --- [lifeline-backend] [nio-8080-exec-5] org.hibernate.SQL                        : select er1_0.id,er1_0.admin_notes,er1_0.blood_type,er1_0.created_at,er1_0.hospital,er1_0.hospital_user_id,er1_0.priority,er1_0.reason,er1_0.status,er1_0.units_fulfilled,er1_0.units_requested,er1_0.updated_at,er1_0.urgency from emergency_requests er1_0 order by er1_0.created_at desc
Hibernate: select er1_0.id,er1_0.admin_notes,er1_0.blood_type,er1_0.created_at,er1_0.hospital,er1_0.hospital_user_id,er1_0.priority,er1_0.reason,er1_0.status,er1_0.units_fulfilled,er1_0.units_requested,er1_0.updated_at,er1_0.urgency from emergency_requests er1_0 order by er1_0.created_at desc
2026-04-28T15:36:14.765+05:30 DEBUG 6992 --- [lifeline-backend] [nio-8080-exec-1] org.hibernate.SQL                        : select i1_0.id,i1_0.blood_type,i1_0.collected_at,i1_0.donor_name,i1_0.donor_user_id,i1_0.expiry_date,i1_0.quantity,i1_0.safety_flag,i1_0.source_appointment_id,i1_0.status,i1_0.test_status from inventory i1_0
Hibernate: select i1_0.id,i1_0.blood_type,i1_0.collected_at,i1_0.donor_name,i1_0.donor_user_id,i1_0.expiry_date,i1_0.quantity,i1_0.safety_flag,i1_0.source_appointment_id,i1_0.status,i1_0.test_status from inventory i1_0
2026-04-28T15:36:14.765+05:30 DEBUG 6992 --- [lifeline-backend] [nio-8080-exec-3] org.hibernate.SQL                        : select hbr1_0.id,hbr1_0.admin_notes,hbr1_0.blood_type,hbr1_0.created_at,hbr1_0.hospital_name,hbr1_0.hospital_user_id,hbr1_0.priority,hbr1_0.reason,hbr1_0.status,hbr1_0.units_issued,hbr1_0.units_requested,hbr1_0.updated_at from hospital_blood_requests hbr1_0 order by hbr1_0.created_at desc
Hibernate: select hbr1_0.id,hbr1_0.admin_notes,hbr1_0.blood_type,hbr1_0.created_at,hbr1_0.hospital_name,hbr1_0.hospital_user_id,hbr1_0.priority,hbr1_0.reason,hbr1_0.status,hbr1_0.units_issued,hbr1_0.units_requested,hbr1_0.updated_at from hospital_blood_requests hbr1_0 order by hbr1_0.created_at desc
2026-04-28T15:36:14.770+05:30 DEBUG 6992 --- [lifeline-backend] [nio-8080-exec-5] o.s.w.s.m.m.a.HttpEntityMethodProcessor  : Using 'application/json', given [application/json, text/plain, */*] and supported [application/json, application/*+json]
2026-04-28T15:36:14.772+05:30 DEBUG 6992 --- [lifeline-backend] [nio-8080-exec-5] o.s.w.s.m.m.a.HttpEntityMethodProcessor  : Writing [[EmergencyRequest(id=17, bloodType=A+, unitsRequested=1, unitsFulfilled=0, hospital=Colombo National (truncated)...]
2026-04-28T15:36:14.775+05:30 DEBUG 6992 --- [lifeline-backend] [nio-8080-exec-3] o.s.w.s.m.m.a.HttpEntityMethodProcessor  : Using 'application/json', given [application/json, text/plain, */*] and supported [application/json, application/*+json]
2026-04-28T15:36:14.778+05:30 DEBUG 6992 --- [lifeline-backend] [nio-8080-exec-1] o.s.w.s.m.m.a.HttpEntityMethodProcessor  : Using 'application/json', given [application/json, text/plain, */*] and supported [application/json, application/*+json]
2026-04-28T15:36:14.775+05:30 DEBUG 6992 --- [lifeline-backend] [nio-8080-exec-5] o.s.web.servlet.DispatcherServlet        : Completed 200 OK
2026-04-28T15:36:14.778+05:30 DEBUG 6992 --- [lifeline-backend] [nio-8080-exec-3] o.s.w.s.m.m.a.HttpEntityMethodProcessor  : Writing [[]]
2026-04-28T15:36:14.779+05:30 DEBUG 6992 --- [lifeline-backend] [nio-8080-exec-9] o.s.web.servlet.DispatcherServlet        : GET "/api/emergency/requests/all", parameters={}
2026-04-28T15:36:14.783+05:30 DEBUG 6992 --- [lifeline-backend] [nio-8080-exec-3] o.s.web.servlet.DispatcherServlet        : Completed 200 OK
2026-04-28T15:36:14.780+05:30 DEBUG 6992 --- [lifeline-backend] [nio-8080-exec-1] o.s.w.s.m.m.a.HttpEntityMethodProcessor  : Writing [[Inventory(id=1, bloodType=O+, quantity=30, expiryDate=2026-05-28, status=AVAILABLE, safetyFlag=SAFE (truncated)...]
2026-04-28T15:36:14.783+05:30 DEBUG 6992 --- [lifeline-backend] [nio-8080-exec-9] s.w.s.m.m.a.RequestMappingHandlerMapping : Mapped to com.lifeline.controller.EmergencyController#getAllRequests(String, Long)
2026-04-28T15:36:14.790+05:30 DEBUG 6992 --- [lifeline-backend] [nio-8080-exec-6] o.s.web.servlet.DispatcherServlet        : GET "/api/inventory", parameters={}
2026-04-28T15:36:14.792+05:30 DEBUG 6992 --- [lifeline-backend] [nio-8080-exec-6] s.w.s.m.m.a.RequestMappingHandlerMapping : Mapped to com.lifeline.controller.InventoryController#getAllStock()
2026-04-28T15:36:14.791+05:30 DEBUG 6992 --- [lifeline-backend] [nio-8080-exec-1] o.s.web.servlet.DispatcherServlet        : Completed 200 OK
2026-04-28T15:36:14.791+05:30 DEBUG 6992 --- [lifeline-backend] [nio-8080-exec-2] o.s.web.servlet.DispatcherServlet        : GET "/api/hospital-requests", parameters={}
2026-04-28T15:36:14.794+05:30 DEBUG 6992 --- [lifeline-backend] [nio-8080-exec-9] org.hibernate.SQL                        : select er1_0.id,er1_0.admin_notes,er1_0.blood_type,er1_0.created_at,er1_0.hospital,er1_0.hospital_user_id,er1_0.priority,er1_0.reason,er1_0.status,er1_0.units_fulfilled,er1_0.units_requested,er1_0.updated_at,er1_0.urgency from emergency_requests er1_0 order by er1_0.created_at desc
Hibernate: select er1_0.id,er1_0.admin_notes,er1_0.blood_type,er1_0.created_at,er1_0.hospital,er1_0.hospital_user_id,er1_0.priority,er1_0.reason,er1_0.status,er1_0.units_fulfilled,er1_0.units_requested,er1_0.updated_at,er1_0.urgency from emergency_requests er1_0 order by er1_0.created_at desc
2026-04-28T15:36:14.797+05:30 DEBUG 6992 --- [lifeline-backend] [nio-8080-exec-2] s.w.s.m.m.a.RequestMappingHandlerMapping : Mapped to com.lifeline.controller.HospitalRequestController#listRequests(Long, String)
2026-04-28T15:36:14.799+05:30 DEBUG 6992 --- [lifeline-backend] [nio-8080-exec-6] org.hibernate.SQL                        : select i1_0.id,i1_0.blood_type,i1_0.collected_at,i1_0.donor_name,i1_0.donor_user_id,i1_0.expiry_date,i1_0.quantity,i1_0.safety_flag,i1_0.source_appointment_id,i1_0.status,i1_0.test_status from inventory i1_0
Hibernate: select i1_0.id,i1_0.blood_type,i1_0.collected_at,i1_0.donor_name,i1_0.donor_user_id,i1_0.expiry_date,i1_0.quantity,i1_0.safety_flag,i1_0.source_appointment_id,i1_0.status,i1_0.test_status from inventory i1_0
2026-04-28T15:36:14.804+05:30 DEBUG 6992 --- [lifeline-backend] [nio-8080-exec-2] org.hibernate.SQL                        : select hbr1_0.id,hbr1_0.admin_notes,hbr1_0.blood_type,hbr1_0.created_at,hbr1_0.hospital_name,hbr1_0.hospital_user_id,hbr1_0.priority,hbr1_0.reason,hbr1_0.status,hbr1_0.units_issued,hbr1_0.units_requested,hbr1_0.updated_at from hospital_blood_requests hbr1_0 order by hbr1_0.created_at desc
Hibernate: select hbr1_0.id,hbr1_0.admin_notes,hbr1_0.blood_type,hbr1_0.created_at,hbr1_0.hospital_name,hbr1_0.hospital_user_id,hbr1_0.priority,hbr1_0.reason,hbr1_0.status,hbr1_0.units_issued,hbr1_0.units_requested,hbr1_0.updated_at from hospital_blood_requests hbr1_0 order by hbr1_0.created_at desc
2026-04-28T15:36:14.809+05:30 DEBUG 6992 --- [lifeline-backend] [nio-8080-exec-2] o.s.w.s.m.m.a.HttpEntityMethodProcessor  : Using 'application/json', given [application/json, text/plain, */*] and supported [application/json, application/*+json]
2026-04-28T15:36:14.811+05:30 DEBUG 6992 --- [lifeline-backend] [nio-8080-exec-6] o.s.w.s.m.m.a.HttpEntityMethodProcessor  : Using 'application/json', given [application/json, text/plain, */*] and supported [application/json, application/*+json]
2026-04-28T15:36:14.811+05:30 DEBUG 6992 --- [lifeline-backend] [nio-8080-exec-9] o.s.w.s.m.m.a.HttpEntityMethodProcessor  : Using 'application/json', given [application/json, text/plain, */*] and supported [application/json, application/*+json]
2026-04-28T15:36:14.811+05:30 DEBUG 6992 --- [lifeline-backend] [nio-8080-exec-2] o.s.w.s.m.m.a.HttpEntityMethodProcessor  : Writing [[]]
2026-04-28T15:36:14.812+05:30 DEBUG 6992 --- [lifeline-backend] [nio-8080-exec-6] o.s.w.s.m.m.a.HttpEntityMethodProcessor  : Writing [[Inventory(id=1, bloodType=O+, quantity=30, expiryDate=2026-05-28, status=AVAILABLE, safetyFlag=SAFE (truncated)...]
2026-04-28T15:36:14.813+05:30 DEBUG 6992 --- [lifeline-backend] [nio-8080-exec-9] o.s.w.s.m.m.a.HttpEntityMethodProcessor  : Writing [[EmergencyRequest(id=17, bloodType=A+, unitsRequested=1, unitsFulfilled=0, hospital=Colombo National (truncated)...]
2026-04-28T15:36:14.816+05:30 DEBUG 6992 --- [lifeline-backend] [nio-8080-exec-2] o.s.web.servlet.DispatcherServlet        : Completed 200 OK
2026-04-28T15:36:14.818+05:30 DEBUG 6992 --- [lifeline-backend] [nio-8080-exec-6] o.s.web.servlet.DispatcherServlet        : Completed 200 OK
2026-04-28T15:36:14.825+05:30 DEBUG 6992 --- [lifeline-backend] [nio-8080-exec-9] o.s.web.servlet.DispatcherServlet        : Completed 200 OK
2026-04-28T15:36:21.190+05:30 DEBUG 6992 --- [lifeline-backend] [io-8080-exec-10] o.s.web.servlet.DispatcherServlet        : GET "/api/inventory", parameters={}
2026-04-28T15:36:21.190+05:30 DEBUG 6992 --- [lifeline-backend] [nio-8080-exec-8] o.s.web.servlet.DispatcherServlet        : GET "/api/activity/recent", parameters={}
2026-04-28T15:36:21.195+05:30 DEBUG 6992 --- [lifeline-backend] [io-8080-exec-10] s.w.s.m.m.a.RequestMappingHandlerMapping : Mapped to com.lifeline.controller.InventoryController#getAllStock()
2026-04-28T15:36:21.197+05:30 DEBUG 6992 --- [lifeline-backend] [nio-8080-exec-8] s.w.s.m.m.a.RequestMappingHandlerMapping : Mapped to com.lifeline.controller.ActivityController#getRecentActivity()
2026-04-28T15:36:21.202+05:30 DEBUG 6992 --- [lifeline-backend] [nio-8080-exec-8] org.hibernate.SQL                        : select al1_0.id,al1_0.activity_type,al1_0.description,al1_0.timestamp from activity_log al1_0 order by al1_0.timestamp desc limit ?
Hibernate: select al1_0.id,al1_0.activity_type,al1_0.description,al1_0.timestamp from activity_log al1_0 order by al1_0.timestamp desc limit ?
2026-04-28T15:36:21.205+05:30 DEBUG 6992 --- [lifeline-backend] [io-8080-exec-10] org.hibernate.SQL                        : select i1_0.id,i1_0.blood_type,i1_0.collected_at,i1_0.donor_name,i1_0.donor_user_id,i1_0.expiry_date,i1_0.quantity,i1_0.safety_flag,i1_0.source_appointment_id,i1_0.status,i1_0.test_status from inventory i1_0
Hibernate: select i1_0.id,i1_0.blood_type,i1_0.collected_at,i1_0.donor_name,i1_0.donor_user_id,i1_0.expiry_date,i1_0.quantity,i1_0.safety_flag,i1_0.source_appointment_id,i1_0.status,i1_0.test_status from inventory i1_0
2026-04-28T15:36:21.210+05:30 DEBUG 6992 --- [lifeline-backend] [nio-8080-exec-8] o.s.w.s.m.m.a.HttpEntityMethodProcessor  : Using 'application/json', given [application/json, text/plain, */*] and supported [application/json, application/*+json]
2026-04-28T15:36:21.213+05:30 DEBUG 6992 --- [lifeline-backend] [nio-8080-exec-8] o.s.w.s.m.m.a.HttpEntityMethodProcessor  : Writing [[ActivityLog(id=19, description=Emergency Alert: 1 units of A+ needed at Colombo National Hospital ( (truncated)...]
2026-04-28T15:36:21.217+05:30 DEBUG 6992 --- [lifeline-backend] [io-8080-exec-10] o.s.w.s.m.m.a.HttpEntityMethodProcessor  : Using 'application/json', given [application/json, text/plain, */*] and supported [application/json, application/*+json]
2026-04-28T15:36:21.218+05:30 DEBUG 6992 --- [lifeline-backend] [nio-8080-exec-8] o.s.web.servlet.DispatcherServlet        : Completed 200 OK
2026-04-28T15:36:21.219+05:30 DEBUG 6992 --- [lifeline-backend] [io-8080-exec-10] o.s.w.s.m.m.a.HttpEntityMethodProcessor  : Writing [[Inventory(id=1, bloodType=O+, quantity=30, expiryDate=2026-05-28, status=AVAILABLE, safetyFlag=SAFE (truncated)...]
2026-04-28T15:36:21.223+05:30 DEBUG 6992 --- [lifeline-backend] [nio-8080-exec-4] o.s.web.servlet.DispatcherServlet        : GET "/api/activity/recent", parameters={}
2026-04-28T15:36:21.231+05:30 DEBUG 6992 --- [lifeline-backend] [nio-8080-exec-4] s.w.s.m.m.a.RequestMappingHandlerMapping : Mapped to com.lifeline.controller.ActivityController#getRecentActivity()
2026-04-28T15:36:21.227+05:30 DEBUG 6992 --- [lifeline-backend] [io-8080-exec-10] o.s.web.servlet.DispatcherServlet        : Completed 200 OK
2026-04-28T15:36:21.231+05:30 DEBUG 6992 --- [lifeline-backend] [nio-8080-exec-7] o.s.web.servlet.DispatcherServlet        : GET "/api/inventory", parameters={}
2026-04-28T15:36:21.242+05:30 DEBUG 6992 --- [lifeline-backend] [nio-8080-exec-7] s.w.s.m.m.a.RequestMappingHandlerMapping : Mapped to com.lifeline.controller.InventoryController#getAllStock()
2026-04-28T15:36:21.249+05:30 DEBUG 6992 --- [lifeline-backend] [nio-8080-exec-4] org.hibernate.SQL                        : select al1_0.id,al1_0.activity_type,al1_0.description,al1_0.timestamp from activity_log al1_0 order by al1_0.timestamp desc limit ?
Hibernate: select al1_0.id,al1_0.activity_type,al1_0.description,al1_0.timestamp from activity_log al1_0 order by al1_0.timestamp desc limit ?
2026-04-28T15:36:21.255+05:30 DEBUG 6992 --- [lifeline-backend] [nio-8080-exec-7] org.hibernate.SQL                        : select i1_0.id,i1_0.blood_type,i1_0.collected_at,i1_0.donor_name,i1_0.donor_user_id,i1_0.expiry_date,i1_0.quantity,i1_0.safety_flag,i1_0.source_appointment_id,i1_0.status,i1_0.test_status from inventory i1_0
Hibernate: select i1_0.id,i1_0.blood_type,i1_0.collected_at,i1_0.donor_name,i1_0.donor_user_id,i1_0.expiry_date,i1_0.quantity,i1_0.safety_flag,i1_0.source_appointment_id,i1_0.status,i1_0.test_status from inventory i1_0
2026-04-28T15:36:21.257+05:30 DEBUG 6992 --- [lifeline-backend] [nio-8080-exec-4] o.s.w.s.m.m.a.HttpEntityMethodProcessor  : Using 'application/json', given [application/json, text/plain, */*] and supported [application/json, application/*+json]
2026-04-28T15:36:21.260+05:30 DEBUG 6992 --- [lifeline-backend] [nio-8080-exec-4] o.s.w.s.m.m.a.HttpEntityMethodProcessor  : Writing [[ActivityLog(id=19, description=Emergency Alert: 1 units of A+ needed at Colombo National Hospital ( (truncated)...]
2026-04-28T15:36:21.266+05:30 DEBUG 6992 --- [lifeline-backend] [nio-8080-exec-4] o.s.web.servlet.DispatcherServlet        : Completed 200 OK
2026-04-28T15:36:21.267+05:30 DEBUG 6992 --- [lifeline-backend] [nio-8080-exec-7] o.s.w.s.m.m.a.HttpEntityMethodProcessor  : Using 'application/json', given [application/json, text/plain, */*] and supported [application/json, application/*+json]
2026-04-28T15:36:21.269+05:30 DEBUG 6992 --- [lifeline-backend] [nio-8080-exec-7] o.s.w.s.m.m.a.HttpEntityMethodProcessor  : Writing [[Inventory(id=1, bloodType=O+, quantity=30, expiryDate=2026-05-28, status=AVAILABLE, safetyFlag=SAFE (truncated)...]
2026-04-28T15:36:21.271+05:30 DEBUG 6992 --- [lifeline-backend] [nio-8080-exec-7] o.s.web.servlet.DispatcherServlet        : Completed 200 OK
2026-04-28T15:39:46.732+05:30 DEBUG 6992 --- [lifeline-backend] [nio-8080-exec-9] o.s.web.servlet.DispatcherServlet        : GET "/api/hospitals?province=Western+Province&district=Colombo+District", parameters={masked}
2026-04-28T15:39:46.737+05:30 DEBUG 6992 --- [lifeline-backend] [nio-8080-exec-9] s.w.s.m.m.a.RequestMappingHandlerMapping : Mapped to com.lifeline.controller.HospitalController#getHospitals(String, String)
2026-04-28T15:39:46.743+05:30 DEBUG 6992 --- [lifeline-backend] [nio-8080-exec-9] org.hibernate.SQL                        : select h1_0.id,h1_0.address,h1_0.contact_number,h1_0.created_at,h1_0.district,h1_0.name,h1_0.province from hospitals h1_0 where h1_0.province=? and h1_0.district=? order by h1_0.name
Hibernate: select h1_0.id,h1_0.address,h1_0.contact_number,h1_0.created_at,h1_0.district,h1_0.name,h1_0.province from hospitals h1_0 where h1_0.province=? and h1_0.district=? order by h1_0.name
2026-04-28T15:39:46.751+05:30 DEBUG 6992 --- [lifeline-backend] [nio-8080-exec-9] o.s.w.s.m.m.a.HttpEntityMethodProcessor  : Using 'application/json', given [application/json, text/plain, */*] and supported [application/json, application/*+json]
2026-04-28T15:39:46.753+05:30 DEBUG 6992 --- [lifeline-backend] [nio-8080-exec-9] o.s.w.s.m.m.a.HttpEntityMethodProcessor  : Writing [[Hospital(id=1, name=Colombo National Hospital, province=Western Province, district=Colombo District (truncated)...]
2026-04-28T15:39:46.755+05:30 DEBUG 6992 --- [lifeline-backend] [nio-8080-exec-9] o.s.web.servlet.DispatcherServlet        : Completed 200 OK
2026-04-28T15:39:46.759+05:30 DEBUG 6992 --- [lifeline-backend] [nio-8080-exec-8] o.s.web.servlet.DispatcherServlet        : GET "/api/hospitals?province=Western+Province&district=Colombo+District", parameters={masked}
2026-04-28T15:39:46.760+05:30 DEBUG 6992 --- [lifeline-backend] [nio-8080-exec-8] s.w.s.m.m.a.RequestMappingHandlerMapping : Mapped to com.lifeline.controller.HospitalController#getHospitals(String, String)
2026-04-28T15:39:46.763+05:30 DEBUG 6992 --- [lifeline-backend] [nio-8080-exec-8] org.hibernate.SQL                        : select h1_0.id,h1_0.address,h1_0.contact_number,h1_0.created_at,h1_0.district,h1_0.name,h1_0.province from hospitals h1_0 where h1_0.province=? and h1_0.district=? order by h1_0.name
Hibernate: select h1_0.id,h1_0.address,h1_0.contact_number,h1_0.created_at,h1_0.district,h1_0.name,h1_0.province from hospitals h1_0 where h1_0.province=? and h1_0.district=? order by h1_0.name
2026-04-28T15:39:46.768+05:30 DEBUG 6992 --- [lifeline-backend] [nio-8080-exec-8] o.s.w.s.m.m.a.HttpEntityMethodProcessor  : Using 'application/json', given [application/json, text/plain, */*] and supported [application/json, application/*+json]
2026-04-28T15:39:46.770+05:30 DEBUG 6992 --- [lifeline-backend] [nio-8080-exec-8] o.s.w.s.m.m.a.HttpEntityMethodProcessor  : Writing [[Hospital(id=1, name=Colombo National Hospital, province=Western Province, district=Colombo District (truncated)...]
2026-04-28T15:39:46.771+05:30 DEBUG 6992 --- [lifeline-backend] [nio-8080-exec-8] o.s.web.servlet.DispatcherServlet        : Completed 200 OK
2026-04-28T15:39:48.882+05:30 DEBUG 6992 --- [lifeline-backend] [nio-8080-exec-4] o.s.web.servlet.DispatcherServlet        : GET "/api/inventory", parameters={}
2026-04-28T15:39:48.882+05:30 DEBUG 6992 --- [lifeline-backend] [io-8080-exec-10] o.s.web.servlet.DispatcherServlet        : GET "/api/activity/recent", parameters={}
2026-04-28T15:39:48.885+05:30 DEBUG 6992 --- [lifeline-backend] [nio-8080-exec-4] s.w.s.m.m.a.RequestMappingHandlerMapping : Mapped to com.lifeline.controller.InventoryController#getAllStock()
2026-04-28T15:39:48.887+05:30 DEBUG 6992 --- [lifeline-backend] [io-8080-exec-10] s.w.s.m.m.a.RequestMappingHandlerMapping : Mapped to com.lifeline.controller.ActivityController#getRecentActivity()
2026-04-28T15:39:48.896+05:30 DEBUG 6992 --- [lifeline-backend] [io-8080-exec-10] org.hibernate.SQL                        : select al1_0.id,al1_0.activity_type,al1_0.description,al1_0.timestamp from activity_log al1_0 order by al1_0.timestamp desc limit ?
Hibernate: select al1_0.id,al1_0.activity_type,al1_0.description,al1_0.timestamp from activity_log al1_0 order by al1_0.timestamp desc limit ?
2026-04-28T15:39:48.899+05:30 DEBUG 6992 --- [lifeline-backend] [nio-8080-exec-4] org.hibernate.SQL                        : select i1_0.id,i1_0.blood_type,i1_0.collected_at,i1_0.donor_name,i1_0.donor_user_id,i1_0.expiry_date,i1_0.quantity,i1_0.safety_flag,i1_0.source_appointment_id,i1_0.status,i1_0.test_status from inventory i1_0
Hibernate: select i1_0.id,i1_0.blood_type,i1_0.collected_at,i1_0.donor_name,i1_0.donor_user_id,i1_0.expiry_date,i1_0.quantity,i1_0.safety_flag,i1_0.source_appointment_id,i1_0.status,i1_0.test_status from inventory i1_0
2026-04-28T15:39:48.908+05:30 DEBUG 6992 --- [lifeline-backend] [io-8080-exec-10] o.s.w.s.m.m.a.HttpEntityMethodProcessor  : Using 'application/json', given [application/json, text/plain, */*] and supported [application/json, application/*+json]
2026-04-28T15:39:48.910+05:30 DEBUG 6992 --- [lifeline-backend] [io-8080-exec-10] o.s.w.s.m.m.a.HttpEntityMethodProcessor  : Writing [[ActivityLog(id=19, description=Emergency Alert: 1 units of A+ needed at Colombo National Hospital ( (truncated)...]
2026-04-28T15:39:48.912+05:30 DEBUG 6992 --- [lifeline-backend] [nio-8080-exec-4] o.s.w.s.m.m.a.HttpEntityMethodProcessor  : Using 'application/json', given [application/json, text/plain, */*] and supported [application/json, application/*+json]
2026-04-28T15:39:48.913+05:30 DEBUG 6992 --- [lifeline-backend] [io-8080-exec-10] o.s.web.servlet.DispatcherServlet        : Completed 200 OK
2026-04-28T15:39:48.914+05:30 DEBUG 6992 --- [lifeline-backend] [nio-8080-exec-4] o.s.w.s.m.m.a.HttpEntityMethodProcessor  : Writing [[Inventory(id=1, bloodType=O+, quantity=30, expiryDate=2026-05-28, status=AVAILABLE, safetyFlag=SAFE (truncated)...]
2026-04-28T15:39:48.917+05:30 DEBUG 6992 --- [lifeline-backend] [nio-8080-exec-4] o.s.web.servlet.DispatcherServlet        : Completed 200 OK
2026-04-28T15:39:48.918+05:30 DEBUG 6992 --- [lifeline-backend] [nio-8080-exec-7] o.s.web.servlet.DispatcherServlet        : GET "/api/activity/recent", parameters={}
2026-04-28T15:39:48.919+05:30 DEBUG 6992 --- [lifeline-backend] [nio-8080-exec-7] s.w.s.m.m.a.RequestMappingHandlerMapping : Mapped to com.lifeline.controller.ActivityController#getRecentActivity()
2026-04-28T15:39:48.919+05:30 DEBUG 6992 --- [lifeline-backend] [nio-8080-exec-5] o.s.web.servlet.DispatcherServlet        : GET "/api/inventory", parameters={}
2026-04-28T15:39:48.922+05:30 DEBUG 6992 --- [lifeline-backend] [nio-8080-exec-5] s.w.s.m.m.a.RequestMappingHandlerMapping : Mapped to com.lifeline.controller.InventoryController#getAllStock()
2026-04-28T15:39:48.924+05:30 DEBUG 6992 --- [lifeline-backend] [nio-8080-exec-7] org.hibernate.SQL                        : select al1_0.id,al1_0.activity_type,al1_0.description,al1_0.timestamp from activity_log al1_0 order by al1_0.timestamp desc limit ?
Hibernate: select al1_0.id,al1_0.activity_type,al1_0.description,al1_0.timestamp from activity_log al1_0 order by al1_0.timestamp desc limit ?
2026-04-28T15:39:48.927+05:30 DEBUG 6992 --- [lifeline-backend] [nio-8080-exec-5] org.hibernate.SQL                        : select i1_0.id,i1_0.blood_type,i1_0.collected_at,i1_0.donor_name,i1_0.donor_user_id,i1_0.expiry_date,i1_0.quantity,i1_0.safety_flag,i1_0.source_appointment_id,i1_0.status,i1_0.test_status from inventory i1_0
Hibernate: select i1_0.id,i1_0.blood_type,i1_0.collected_at,i1_0.donor_name,i1_0.donor_user_id,i1_0.expiry_date,i1_0.quantity,i1_0.safety_flag,i1_0.source_appointment_id,i1_0.status,i1_0.test_status from inventory i1_0
2026-04-28T15:39:48.929+05:30 DEBUG 6992 --- [lifeline-backend] [nio-8080-exec-7] o.s.w.s.m.m.a.HttpEntityMethodProcessor  : Using 'application/json', given [application/json, text/plain, */*] and supported [application/json, application/*+json]
2026-04-28T15:39:48.930+05:30 DEBUG 6992 --- [lifeline-backend] [nio-8080-exec-7] o.s.w.s.m.m.a.HttpEntityMethodProcessor  : Writing [[ActivityLog(id=19, description=Emergency Alert: 1 units of A+ needed at Colombo National Hospital ( (truncated)...]
2026-04-28T15:39:48.931+05:30 DEBUG 6992 --- [lifeline-backend] [nio-8080-exec-7] o.s.web.servlet.DispatcherServlet        : Completed 200 OK
2026-04-28T15:39:48.933+05:30 DEBUG 6992 --- [lifeline-backend] [nio-8080-exec-5] o.s.w.s.m.m.a.HttpEntityMethodProcessor  : Using 'application/json', given [application/json, text/plain, */*] and supported [application/json, application/*+json]
2026-04-28T15:39:48.935+05:30 DEBUG 6992 --- [lifeline-backend] [nio-8080-exec-5] o.s.w.s.m.m.a.HttpEntityMethodProcessor  : Writing [[Inventory(id=1, bloodType=O+, quantity=30, expiryDate=2026-05-28, status=AVAILABLE, safetyFlag=SAFE (truncated)...]
2026-04-28T15:39:48.938+05:30 DEBUG 6992 --- [lifeline-backend] [nio-8080-exec-5] o.s.web.servlet.DispatcherServlet        : Completed 200 OK
[INFO] ------------------------------------------------------------------------
[INFO] BUILD FAILURE
[INFO] ------------------------------------------------------------------------
[INFO] Total time:  01:47 h
[INFO] Finished at: 2026-04-28T15:43:40+05:30
[INFO] ------------------------------------------------------------------------
[ERROR] Failed to execute goal org.springframework.boot:spring-boot-maven-plugin:3.2.2:run (default-cli) on project lifeline-backend: Process terminated with exit code: 1 -> [Help 1]
[ERROR] 
[ERROR] To see the full stack trace of the errors, re-run Maven with the -e switch.
[ERROR] Re-run Maven using the -X switch to enable full debug logging.
[ERROR] 
[ERROR] For more information about the errors and possible solutions, please read the following articles:
[ERROR] [Help 1] http://cwiki.apache.org/confluence/display/MAVEN/MojoExecutionException
